[server] Listening on http://localhost:5001
[server] VITE_CHECK_STATUS_URL=http://localhost:5001/check-status
[server] Token auth ENABLED (CHECK_STATUS_TOKEN is set)
 * Serving Flask app 'status_server'
 * Debug mode: off

[server] TP check started — 61 entries (tab: Rooster Partners)
  [1/61] https://nz.trustpilot.com/submitted/review?correlationid=1062cfc6-d5c8-4967-888b-ed6219dc64e7
    -> 'Published' *- (no change)
  [2/61] https://www.trustpilot.com/users/67f3cafa1ffadf2efc31e581
    -> 'Published' *- (no change)
  [3/61] https://nz.trustpilot.com/submitted/review?correlationid=037fc3f5-28fe-4ae4-9957-4c5da3ce4cbe
    -> 'Published' *- (no change)
  [4/61] https://au.trustpilot.com/submitted/review?correlationid=bf43832d-7bee-4422-95ac-618e36c94e9e
    -> 'Published' *- (no change)
  [5/61] https://nz.trustpilot.com/submitted/review?correlationid=74eccaef-175a-46f1-b535-bad275457c65
    -> 'Published' *- (no change)
  [6/61] https://uk.trustpilot.com/submitted/review?correlationid=98934cf8-00c4-4fbe-b26f-443a22ce6804
    -> 'Published' *- (no change)
  [7/61] https://no.trustpilot.com/submitted/review?correlationid=0db16823-fef4-4b08-b7f0-2bc7d67eca53
    -> 'Published' *- (no change)
  [8/61] https://www.trustpilot.com/submitted/review?correlationid=7a36288c-a935-437e-b21c-0c78ea431c3e
    -> 'Published' *- (no change)
  [9/61] https://no.trustpilot.com/submitted/review?correlationid=1748e854-605a-4d92-b0aa-66e451c6bc2f
    -> 'Published' *- (no change)
  [10/61] https://nz.trustpilot.com/submitted/review?correlationid=af72dc23-a67e-4d8b-bd68-2a0d05fcbab0
    -> 'Published' *- (no change)
  [11/61] https://de.trustpilot.com/submitted/review?correlationid=aa229482-c14c-4074-9389-41c1c473f8ed
    -> 'Published' *- (no change)
  [12/61] https://au.trustpilot.com/submitted/review?correlationid=95e3f53c-c723-4665-8eea-61ac579835d4
    -> 'Published' *- (no change)
  [13/61] https://ca.trustpilot.com/submitted/review?correlationid=0d652301-3f4a-46ba-90c8-4c1760992379
    -> 'Published' *- (no change)
  [14/61] https://no.trustpilot.com/submitted/review?correlationid=3bdbb424-3a11-48df-97af-0ff44409d9ba
    -> 'Published' *- (no change)
  [15/61] https://de.trustpilot.com/submitted/review?correlationid=c7828f5d-1209-4f85-86d3-ba41338f696c
    -> 'Published' *- (no change)
  [16/61] https://au.trustpilot.com/submitted/review?correlationid=b63afd78-7f26-4377-b02d-adcdd2edcefc
    -> 'Published' *- (no change)
  [17/61] https://www.trustpilot.com/submitted/review?correlationid=f160673d-093d-4a90-a85c-14aaa386e163
    -> 'Published' *- (no change)
  [18/61] https://ca.trustpilot.com/submitted/review?correlationid=dfd95d70-b3c1-4f89-b348-d79dd330601d
    -> 'Published' *- (no change)
  [19/61] https://no.trustpilot.com/submitted/review?correlationid=84509399-92b5-4722-8844-8b3544cfd5ec
    -> 'Published' *- (no change)
  [20/61] https://no.trustpilot.com/reviews/69ef55f164fbc0be5d25ae00
    -> 'Published' *- (no change)
  [21/61] https://de.trustpilot.com/submitted/review?correlationid=8625fdcd-c0d1-4d04-af27-f6e4e0ffbd7e
    -> 'Published' *- (no change)
  [22/61] https://de.trustpilot.com/submitted/review?correlationid=6c4123c0-03b1-4acc-a193-2d485df7fd93
    -> 'Published' *- (no change)
  [23/61] https://www.trustpilot.com/submitted/review?correlationid=c5941719-9b3b-4bd7-b010-7c71c9ae2ce0
    -> 'Published' *- (no change)
  [24/61] https://de.trustpilot.com/submitted/review?correlationid=75dfe817-a963-4d60-ad1a-084f010c648c
    -> 'Published' *- (no change)
  [25/61] https://www.trustpilot.com/users/67c80b80d777aa5b384649c3
    -> 'Published' *- (no change)
  [26/61] https://www.trustpilot.com/users/67e2aa4719dc1128a2772f19
    -> 'Published' *- (no change)
  [27/61] https://www.trustpilot.com/submitted/review?correlationid=01fe3e8c-c936-4249-9901-e440042acb2e
    -> 'Published' *- (no change)
  [28/61] https://no.trustpilot.com/submitted/review?correlationid=dc6925a4-eb6f-42f6-b04e-f7604460a74a
    -> 'Published' *- (no change)
  [29/61] https://au.trustpilot.com/submitted/review?correlationid=a4d164e0-e3ba-49fc-aee4-ad3d6026ccaf
    -> 'Published' *- (no change)
  [30/61] https://www.trustpilot.com/reviews/683d808aa2cecb48162ded72
    -> 'Published' *- (no change)
  [31/61] https://de.trustpilot.com/submitted/review?correlationid=5ede56a2-618d-4e81-abd5-6a5fcc28d3e3
    -> 'Published' *- (no change)
  [32/61] https://ca.trustpilot.com/submitted/review?correlationid=be684ab9-f5e2-46e4-bc68-1eb4f457194e
    -> 'Published' *- (no change)
  [33/61] https://au.trustpilot.com/submitted/review?correlationid=d99aeef7-a30a-4aee-a88a-1750337e9a18
    -> 'Published' *- (no change)
  [34/61] https://de.trustpilot.com/submitted/review?correlationid=59f01002-3178-4504-8426-bdca52cca168
    -> 'Published' *- (no change)
  [35/61] https://nz.trustpilot.com/submitted/review?correlationid=89107563-cfc5-44c8-9588-f95ad77755e8
    -> 'Published' *- (no change)
  [36/61] https://ca.trustpilot.com/submitted/review?correlationid=e25d0b46-27f8-48f1-8c46-e00abef36125
    -> 'Published' *- (no change)
  [37/61] https://ca.trustpilot.com/submitted/review?correlationid=dec5b425-65de-4124-acf5-c507d613b23d
    -> 'Published' *- (no change)
  [38/61] https://no.trustpilot.com/submitted/review?correlationid=a8aa736f-563f-46c9-b048-49576fb9cb6a
    -> 'Published' *- (no change)
  [39/61] https://nz.trustpilot.com/submitted/review?correlationid=0067e6fc-053d-4887-8e48-3a6cb571c690
    -> 'Published' *- (no change)
  [40/61] https://www.trustpilot.com/submitted/review?correlationid=c327c754-1ad8-4f95-9273-19050af02a97
    -> 'Published' *- (no change)
  [41/61] https://www.trustpilot.com/submitted/review?correlationid=f7527bb6-23bb-4ba2-9da4-97aa23121c72
    -> 'Published' *- (no change)
  [42/61] https://no.trustpilot.com/submitted/review?correlationid=a013341a-8489-49e6-a6ad-721affc6c47b
    -> 'Published' *- (no change)
  [43/61] https://www.trustpilot.com/users/67da86b0aa1298d2b3e6fb9e
    -> 'Published' *- (no change)
  [44/61] https://www.trustpilot.com/submitted/review?correlationid=2f199780-6a89-4242-954d-bf3b1832570e
    -> 'Published' *- (no change)
  [45/61] https://www.trustpilot.com/users/67b8751a3f023fc92ffcb061
    -> 'Published' *- (no change)
  [46/61] https://de.trustpilot.com/submitted/review?correlationid=c06ac7fd-e128-4aca-9922-a11a22c36b14
    -> 'Published' *- (no change)
  [47/61] https://au.trustpilot.com/submitted/review?correlationid=c6eea87e-80ca-4654-b637-9413f699253e
    -> 'Published' *- (no change)
  [48/61] https://ca.trustpilot.com/submitted/review?correlationid=b0e243d9-132f-4bc7-b3c0-62d75bda8913
    -> 'Published' *- (no change)
  [49/61] https://no.trustpilot.com/submitted/review?correlationid=666afc7f-88e0-4d29-bd3f-595af2928cc9
    -> 'Published' *- (no change)
  [50/61] https://www.trustpilot.com/submitted/review?correlationid=691e3166-10d6-4459-9bde-721de744e396
    -> 'Published' *- (no change)
  [51/61] https://no.trustpilot.com/submitted/review?correlationid=aa419448-2db0-4e80-a80d-a131bb6de416
    -> 'Published' *- (no change)
  [52/61] https://ca.trustpilot.com/submitted/review?correlationid=db52534f-407d-4829-b378-74225181397b
    -> 'Published' *- (no change)
  [53/61] https://www.trustpilot.com/submitted/review?correlationid=a34a206b-9760-4fd9-8eef-4e834739aced
    -> 'Published' *- (no change)
  [54/61] https://de.trustpilot.com/submitted/review?correlationid=3423015c-014e-4979-bf04-a3d93cb9ee25
    -> 'Published' *- (no change)
  [55/61] https://nz.trustpilot.com/submitted/review?correlationid=0542faac-f200-47c5-ad02-1cf63edc9859
    -> 'Published' *- (no change)
  [56/61] https://www.trustpilot.com/users/67dbd99a9d161f1d0e4155e5
    -> 'Published' *- (no change)
  [57/61] https://de.trustpilot.com/submitted/review?correlationid=be497af3-4d31-43c4-a43f-f64cb4fae27e
    -> 'Published' *- (no change)
  [58/61] https://au.trustpilot.com/submitted/review?correlationid=c59aff90-150f-4476-8740-0233129eace5
    -> 'Published' *- (no change)
  [59/61] https://www.trustpilot.com/submitted/review?correlationid=738b825d-333e-4332-98c4-3b3e8d85a2a7
    -> 'Published' *- (no change)
  [60/61] https://au.trustpilot.com/submitted/review?correlationid=bc8d0cfb-762c-4dad-b032-a7cf98408115
    -> 'Published' *- (no change)
  [61/61] https://ca.trustpilot.com/submitted/review?correlationid=74c62543-3139-4abd-8ecb-a149353ac9d5
    -> 'Published' *- (no change)
[server] Done. checked=61 updated=0 errors=0 sheet_errors=0

[server] CG check started (tab: Rooster Partners)
  [bridge] ENIGMA_HOST/PORT/LOGIN not set — no bridges started
  [display] no virtual display (No module named 'pyvirtualdisplay') — staying headless
  [geo] no ENIGMA_PW_CA configured — skipping proxy for 'ca'
  [geo] no ENIGMA_PW_CA configured — skipping proxy for 'ca'
  [CG 1/1] https://casinoguru-en.com/lucky7even-casino-review#tab=js-tab-reviews (@Brooke33)
    -> 'Refused' *5 (no change)
[server] CG done. {'checked': 1, 'updated': 0, 'errors': 0, 'sheet_errors': 0, 'total': 1}

[server] TP check started — 1876 entries (all tabs)
  [1/1876] https://au.trustpilot.com/submitted/review?correlationid=fdde96d3-8ce9-4ee6-96cb-c6826bdd4740
    -> 'Published' *- (no change)
  [2/1876] https://ca.trustpilot.com/submitted/review?correlationid=95e110f6-10d0-4adf-ad88-48951ae74b04
    -> 'Published' *- (no change)
  [3/1876] https://nz.trustpilot.com/submitted/review?correlationid=e82a56bc-1b8a-4127-b214-7b21198a9920
    -> 'Published' *- (no change)
  [4/1876] https://nz.trustpilot.com/submitted/review?correlationid=517e0c7e-9056-4e68-afc2-67ab09e392a3
    -> 'Published' *- (no change)
  [5/1876] https://ca.trustpilot.com/submitted/review?correlationid=81b26afa-1996-4624-ab2d-18368bc32ae1
    -> 'Published' *- (no change)
  [6/1876] https://ca.trustpilot.com/submitted/review?correlationid=7dd7719a-1944-4305-a692-16b3b0968096
    -> 'Published' *- (no change)
  [7/1876] https://ca.trustpilot.com/submitted/review?correlationid=6cee129f-508f-44a1-8565-0fb9715e8715
    -> 'Published' *- (no change)
  [8/1876] https://www.trustpilot.com/submitted/review?correlationid=77134219-4243-4a52-a2ab-b12835fc718d
    -> 'Published' *- (no change)
  [9/1876] https://nz.trustpilot.com/submitted/review?correlationid=63013e99-6c58-4020-b4cd-6c4dba59be14
    -> 'Published' *- (no change)
  [10/1876] https://no.trustpilot.com/submitted/review?correlationid=b5909b2f-2e6e-4e67-9895-fa72b67060c0
    -> 'Published' *- (no change)
  [11/1876] https://www.trustpilot.com/submitted/review?correlationid=3718c008-313b-45ec-ba4a-a6da990544ea
    -> 'Published' *- (no change)
  [12/1876] https://nz.trustpilot.com/submitted/review?correlationid=1062cfc6-d5c8-4967-888b-ed6219dc64e7
    -> 'Published' *- (no change)
  [13/1876] https://de.trustpilot.com/submitted/review?correlationid=f829168b-cabf-483c-a147-2adc3577eea0
    -> 'Published' *- (no change)
  [14/1876] https://nz.trustpilot.com/submitted/review?correlationid=003a2f2b-a522-40b4-839f-c96978d18941
    -> 'Published' *- (no change)
  [15/1876] https://uk.trustpilot.com/submitted/review?correlationid=9a0ac56e-bfdb-45d9-a5a5-4d163006e668
    -> 'Published' *- (no change)
  [16/1876] https://au.trustpilot.com/submitted/review?correlationid=3728671d-d24b-466d-9c21-e987803ae912
    -> 'Published' *- (no change)
  [17/1876] https://nz.trustpilot.com/submitted/review?correlationid=92975699-5ba0-457f-a417-4a52e89ad604
    -> 'Published' *- (no change)
  [18/1876] https://www.trustpilot.com/users/67b4909f7aaff4f6c30a2166
    -> 'Published' *- (no change)
  [19/1876] https://se.trustpilot.com/submitted/review?correlationid=8ea3d01c-d94c-4a66-8a2a-178945f4b44a
    -> 'Published' *- (no change)
  [20/1876] https://au.trustpilot.com/submitted/review?correlationid=96fa54da-9fe0-40ce-9fe3-d500f7e034d8
    -> 'Published' *- (no change)
  [21/1876] https://www.trustpilot.com/submitted/review?correlationid=5eb9fc15-8f31-409f-90ae-edd8bcf0c088
    -> 'Published' *- (no change)
  [22/1876] https://www.trustpilot.com/users/67f3cafa1ffadf2efc31e581
    -> 'Published' *- (no change)
  [23/1876] https://no.trustpilot.com/submitted/review?correlationid=f49ae113-5562-4ec6-a794-b46649e3de00
    -> 'Published' *- (no change)
  [24/1876] https://de.trustpilot.com/submitted/review?correlationid=e27d6147-16f8-40df-af3c-1d4acbc7369f
    -> 'Published' *- (no change)
  [25/1876] https://www.trustpilot.com/submitted/review?correlationid=47fef690-d234-4143-a6e0-6e95a2693925
    -> 'Published' *- (no change)
  [26/1876] https://nz.trustpilot.com/submitted/review?correlationid=037fc3f5-28fe-4ae4-9957-4c5da3ce4cbe
    -> 'Published' *- (no change)
  [27/1876] https://au.trustpilot.com/submitted/review?correlationid=c84f3bc3-af6d-4fa9-aeed-9f2ab6dc5330
    -> 'Published' *- (no change)
  [28/1876] https://www.trustpilot.com/submitted/review?correlationid=0622db9b-5751-405d-a80f-d807d8092c74
    -> 'Published' *- (no change)
  [29/1876] https://au.trustpilot.com/submitted/review?correlationid=d066a2bc-8f2c-44a9-ab08-efe31d73bd02
    -> 'Published' *- (no change)
  [30/1876] https://uk.trustpilot.com/submitted/review?correlationid=845d71a3-06c8-4c01-a464-cde7daea2089
    -> 'Published' *- (no change)
  [31/1876] https://de.trustpilot.com/submitted/review?correlationid=c2d89be2-7ca3-48cf-a75b-2fefc88d6c41
    -> 'Published' *- (no change)
  [32/1876] https://www.trustpilot.com/submitted/review?correlationid=db6ddf42-abeb-44b4-a631-14cf194917ef
    -> 'Published' *- (no change)
  [33/1876] https://uk.trustpilot.com/submitted/review?correlationid=ea380c5a-d077-411f-8872-beb88b7ca105
    -> 'Published' *- (no change)
  [34/1876] https://no.trustpilot.com/submitted/review?correlationid=00c85a4f-f8cb-46d2-b126-b9316004f0cd
    -> 'Published' *- (no change)
  [35/1876] https://ca.trustpilot.com/submitted/review?correlationid=51d50771-9379-4714-9093-42002dd5be87
    -> 'Published' *- (no change)
  [36/1876] https://de.trustpilot.com/submitted/review?correlationid=5338848c-a4cd-402a-a815-dbc03d8d78ee
    -> 'Published' *- (no change)
  [37/1876] https://www.trustpilot.com/submitted/review?correlationid=0f6630ab-4154-42de-9014-418ab2bdd554
    -> 'Published' *- (no change)
  [38/1876] https://www.trustpilot.com/submitted/review?correlationid=6c0df4fe-15c5-4b94-82a2-dd2cf6527304
    -> 'Published' *- (no change)
  [39/1876] https://ca.trustpilot.com/submitted/review?correlationid=20125025-e6fd-45ba-bec6-ebcc226b67aa
    -> 'Published' *- (no change)
  [40/1876] https://nz.trustpilot.com/submitted/review?correlationid=b9a3ace2-978e-448d-affc-1ace92f4d5c3
    -> 'Published' *- (no change)
  [41/1876] https://nz.trustpilot.com/submitted/review?correlationid=d4af39c2-55a9-4d6a-932d-dcdb5b4239d5
    -> 'Published' *- (no change)
  [42/1876] https://ca.trustpilot.com/submitted/review?correlationid=8433ea51-0e75-4a12-b6f8-f4ceca04c145
    -> 'Published' *- (no change)
  [43/1876] https://ca.trustpilot.com/users/67c063e650283b1e732244f4
    -> 'Published' *- (no change)
  [44/1876] https://nz.trustpilot.com/submitted/review?correlationid=101638a3-a005-40c8-820a-bccb5c03653b
    -> 'Published' *- (no change)
  [45/1876] https://de.trustpilot.com/submitted/review?correlationid=ad988f55-3e5b-4777-8c60-fa60076fa36d
    -> 'Published' *- (no change)
  [46/1876] https://no.trustpilot.com/submitted/review?correlationid=1ecf1897-b668-4946-80fd-2ce5ee930581
    -> 'Published' *- (no change)
  [47/1876] https://nz.trustpilot.com/submitted/review?correlationid=1b4d7dd8-08f1-4505-b1e5-8ee9c2a805fb
    -> 'Published' *- (no change)
  [48/1876] https://de.trustpilot.com/submitted/review?correlationid=852046d9-8205-4949-b8df-fd77b2c85751
    -> 'Published' *- (no change)
  [49/1876] https://de.trustpilot.com/submitted/review?correlationid=bcb2df30-f3a4-4ef4-859c-d55cb7d75b81
    -> 'Published' *- (no change)
  [50/1876] https://www.trustpilot.com/submitted/review?correlationid=d03098eb-e6b1-4965-978e-bb3c981b4591
    -> 'Published' *- (no change)
  [51/1876] https://www.trustpilot.com/submitted/review?correlationid=0f07e03b-43d8-4bb0-8583-f4655d72210d
    -> 'Published' *- (no change)
  [52/1876] https://ca.trustpilot.com/submitted/review?correlationid=6f80c2aa-fd8b-4c94-86f7-f4938ccbc248
    -> 'Published' *- (no change)
  [53/1876] https://de.trustpilot.com/users/67c18ec8db25a44d158c6543
    -> 'Published' *- (no change)
  [54/1876] https://www.trustpilot.com/submitted/review?correlationid=634fa972-e366-47e5-bd30-40fd42664eb5
    -> 'Published' *- (no change)
  [55/1876] https://www.trustpilot.com/submitted/review?correlationid=d9a79ed5-895d-4d4d-af61-1c69d8341183
    -> 'Published' *- (no change)
  [56/1876] https://au.trustpilot.com/submitted/review?correlationid=e25fb5e5-0ea4-42f7-a3ce-f97a804098b4
    -> 'Published' *- (no change)
  [57/1876] https://nz.trustpilot.com/submitted/review?correlationid=fd26c846-f77a-4cc1-9736-e531badf6332
    -> 'Published' *- (no change)
  [58/1876] https://www.trustpilot.com/submitted/review?correlationid=fa88b4d7-e906-433e-8838-d761cec98087
    -> 'Published' *- (no change)
  [59/1876] https://uk.trustpilot.com/submitted/review?correlationid=0bf85744-a65a-4bac-80c2-5e27c16467dd
    -> 'Published' *- (no change)
  [60/1876] https://nz.trustpilot.com/submitted/review?correlationid=69b1968c-0432-47c6-8222-290ca49baeff
    -> 'Published' *- (no change)
  [61/1876] https://www.trustpilot.com/users/67c05a37f53aba32733761e9
    -> 'Published' *- (no change)
  [62/1876] https://ca.trustpilot.com/submitted/review?correlationid=87af53b0-80c6-48f0-b249-b651724aec05
    -> 'Published' *- (no change)
  [63/1876] https://dk.trustpilot.com/submitted/review?correlationid=808b3f95-9518-4716-a163-c84b309e260d
    -> 'Published' *- (no change)
  [64/1876] https://de.trustpilot.com/submitted/review?correlationid=92785363-6d97-4ff1-a3f5-d584f3ecbf26
    -> 'Published' *- (no change)
  [65/1876] https://de.trustpilot.com/submitted/review?correlationid=d2165c67-e610-46c5-9b00-dfbf9715ca39
    -> 'Published' *- (no change)
  [66/1876] https://it.trustpilot.com/submitted/review?correlationid=f7f46a82-be1d-46aa-9d58-b2e6668f8c29
    -> 'Published' *- (no change)
  [67/1876] https://www.trustpilot.com/submitted/review?correlationid=c270b25e-6877-4e02-8d50-40f39d564f7e
    -> 'Published' -> 'Removed' *5 (sheet: ok)
  [68/1876] https://at.trustpilot.com/submitted/review?correlationid=05f86a4a-928d-4808-afe3-1bece52a0e2a
    -> 'Published' *- (no change)
  [69/1876] https://at.trustpilot.com/submitted/review?correlationid=ba2b178f-68b5-4b93-9754-acf632786e05
    -> 'Published' *- (no change)
  [70/1876] https://ca.trustpilot.com/users/67c18db589af2b808ab913d1
    -> 'Published' *- (no change)
  [71/1876] https://no.trustpilot.com/submitted/review?correlationid=9e53f084-7af7-46fd-9007-9ea4f3a1661c
    -> 'Published' *- (no change)
  [72/1876] https://no.trustpilot.com/submitted/review?correlationid=af699bf9-e7e7-46d0-ab41-3d49d90b59d8
    -> 'Published' *- (no change)
  [73/1876] https://www.trustpilot.com/submitted/review?correlationid=0283b761-c3bd-42f3-b282-0173da2b5a57
    -> 'Published' *- (no change)
  [74/1876] https://nz.trustpilot.com/submitted/review?correlationid=23aeb2b2-0fa9-47c5-a691-8abf8ab7c640
    -> 'Published' *- (no change)
  [75/1876] https://au.trustpilot.com/submitted/review?correlationid=bef52565-689e-4588-884f-201f756bb245
    -> 'Published' *- (no change)
  [76/1876] https://au.trustpilot.com/submitted/review?correlationid=ec982e2e-5251-4f3a-98b1-88f7e3ba2ac0
    -> 'Published' *- (no change)
  [77/1876] https://au.trustpilot.com/submitted/review?correlationid=673a87fb-bc2f-4c11-b595-b102020051e7
    -> 'Published' *- (no change)
  [78/1876] https://se.trustpilot.com/submitted/review?correlationid=0045756d-2bc4-46ee-9e35-407d94b24172
    -> 'Published' *- (no change)
  [79/1876] https://ca.trustpilot.com/submitted/review?correlationid=cf433393-a6d1-4482-93bd-087b693f0d57
    -> 'Published' *- (no change)
  [80/1876] https://no.trustpilot.com/submitted/review?correlationid=3655f840-55fd-4e9a-a0c7-a4ec4a1297df
    -> 'Published' *- (no change)
  [81/1876] https://au.trustpilot.com/submitted/review?correlationid=3a0b372e-9838-481d-a7d9-5cf83e86c81b
    -> 'Published' *- (no change)
  [82/1876] https://au.trustpilot.com/submitted/review?correlationid=a7363690-3e53-4ea4-b9b9-85015fd06c6c
    -> 'Published' *- (no change)
  [83/1876] https://www.trustpilot.com/users/67e29d655ee27532a17760a3
    -> 'Published' *- (no change)
  [84/1876] https://ca.trustpilot.com/submitted/review?correlationid=16d9c06b-9563-48de-a94a-d785b7532f4b
    -> 'Published' *- (no change)
  [85/1876] https://au.trustpilot.com/submitted/review?correlationid=b57335e1-f76a-4794-b050-fcaa1884476a
    -> 'Published' *- (no change)
  [86/1876] https://nz.trustpilot.com/submitted/review?correlationid=7daf5c3d-8eaf-46ef-af7a-876bb2ac467c
    -> 'Published' *- (no change)
  [87/1876] https://ca.trustpilot.com/submitted/review?correlationid=aa8ee486-7621-49cb-a33f-25f8f7ec3baa
    -> 'Published' *- (no change)
  [88/1876] https://uk.trustpilot.com/submitted/review?correlationid=72aa449c-477e-439c-8a4f-dd02dae6a5bd
    -> 'Published' *- (no change)
  [89/1876] https://de.trustpilot.com/submitted/review?correlationid=e1827d73-2222-4384-955f-1c0150254cca
    -> 'Published' -> 'Removed' *5 (sheet: ok)
  [90/1876] https://au.trustpilot.com/submitted/review?correlationid=bf43832d-7bee-4422-95ac-618e36c94e9e
    -> 'Published' *- (no change)
  [91/1876] https://at.trustpilot.com/submitted/review?correlationid=847ebb65-fa39-4d4a-8076-db5be8e62b43
    -> 'Published' *- (no change)
  [92/1876] https://ca.trustpilot.com/submitted/review?correlationid=b896d3a1-47fd-4075-8dd2-e11825e483c0
    -> 'Published' *- (no change)
  [93/1876] https://uk.trustpilot.com/submitted/review?correlationid=2d41e80b-b0cb-40df-a4cf-dde17e27dbc8
    -> 'Published' *- (no change)
  [94/1876] https://ca.trustpilot.com/submitted/review?correlationid=830d77b5-09fd-4898-b8a9-3f3b438bd5a3
    -> 'Published' *- (no change)
  [95/1876] https://www.trustpilot.com/users/67b5e354d7c7297e411f86da
    -> 'Published' *- (no change)
  [96/1876] https://uk.trustpilot.com/submitted/review?correlationid=07f42d82-e34e-4190-8f3f-0dcbc4c8a630
    -> 'Published' *- (no change)
  [97/1876] https://no.trustpilot.com/submitted/review?correlationid=63a2e8d8-f9ac-4ca2-82b4-044c54175b53
    -> 'Published' *- (no change)
  [98/1876] https://de.trustpilot.com/submitted/review?correlationid=0772709c-296c-489d-836a-8d67da26fdce
    -> 'Published' *- (no change)
  [99/1876] https://au.trustpilot.com/submitted/review?correlationid=c764f1ec-3c44-4878-80bd-9b9ec4208cf7
    -> 'Published' *- (no change)
  [100/1876] https://ca.trustpilot.com/submitted/review?correlationid=723d0b73-09ee-43fc-89f4-019dbf2ab939
    -> 'Published' *- (no change)
  [101/1876] https://se.trustpilot.com/submitted/review?correlationid=c78f90da-023c-4c46-a7d4-dd8b3b7c8c69
    -> 'Published' *- (no change)
  [102/1876] https://no.trustpilot.com/submitted/review?correlationid=09578c62-477a-407b-9336-8d02d4d44df7
    -> 'Published' *- (no change)
  [103/1876] https://nz.trustpilot.com/submitted/review?correlationid=74eccaef-175a-46f1-b535-bad275457c65
    -> 'Published' *- (no change)
  [104/1876] https://au.trustpilot.com/submitted/review?correlationid=33da06d1-53dd-4704-a337-15b26f302477
    -> 'Published' *- (no change)
  [105/1876] https://ca.trustpilot.com/submitted/review?correlationid=7bccb15d-bd25-46ae-805e-eecc95fca1e2
    -> 'Published' *- (no change)
  [106/1876] https://de.trustpilot.com/submitted/review?correlationid=8a3d0c3d-0b1d-413d-9854-d15eee5c6fd7
    -> 'Published' *- (no change)
  [107/1876] https://nz.trustpilot.com/submitted/review?correlationid=0c96a2c4-e2c1-43ea-968a-a7ce4d6c4a2c
    -> 'Published' *- (no change)
  [108/1876] https://au.trustpilot.com/submitted/review?correlationid=e1666051-ba95-4f7a-bef8-a8be0214ac2c
    -> 'Published' *- (no change)
  [109/1876] https://www.trustpilot.com/submitted/review?correlationid=f1073798-beb5-4d98-81d5-ad9875273cb3
    -> 'Published' *- (no change)
  [110/1876] https://ca.trustpilot.com/submitted/review?correlationid=1f998395-74d9-4fc5-a898-94a3d3b362e8
    -> 'Published' *- (no change)
  [111/1876] https://uk.trustpilot.com/submitted/review?correlationid=4172a0b0-c413-47f2-936b-7f21d52ee090
    -> 'Published' *- (no change)
  [112/1876] https://de.trustpilot.com/submitted/review?correlationid=f13f25ba-24e2-49d7-88ff-8a97b323bdc7
    -> 'Published' *- (no change)
  [113/1876] https://de.trustpilot.com/submitted/review?correlationid=1411dbe4-e412-41a7-b0e4-1f051889d0d7
    -> 'Done' -> 'Pending' *5 (sheet: ok)
  [114/1876] https://nz.trustpilot.com/submitted/review?correlationid=f29c1523-8b3e-4a32-96e5-92c40d6aa755
    -> 'Published' *- (no change)
  [115/1876] https://se.trustpilot.com/submitted/review?correlationid=fcda534d-1b69-4299-98ba-ed84072afdee
    -> 'Published' *- (no change)
  [116/1876] https://uk.trustpilot.com/submitted/review?correlationid=34c5b141-db94-4969-8cd2-c4117f0bfe20
    -> 'Published' *- (no change)
  [117/1876] https://au.trustpilot.com/submitted/review?correlationid=0db091b2-0057-460d-84fd-99cb80133a1c
    -> 'Published' *- (no change)
  [118/1876] https://dk.trustpilot.com/submitted/review?correlationid=48098505-ccc3-4379-9606-7ba274939761
    -> 'Published' *- (no change)
  [119/1876] https://de.trustpilot.com/submitted/review?correlationid=7342c8cb-377c-4513-9f55-b4f8f3b6a256
    -> 'Published' *- (no change)
  [120/1876] https://de.trustpilot.com/submitted/review?correlationid=4446b2e3-a870-47c5-a575-917d669a129c
    -> 'Published' *- (no change)
  [121/1876] https://no.trustpilot.com/submitted/review?correlationid=101de7cc-64f6-4179-b12c-49e2cc0d06c8
    -> 'Published' *- (no change)
  [122/1876] https://ca.trustpilot.com/submitted/review?correlationid=5034e856-d815-42be-aed5-43b8bda73f1d
    -> 'Published' *- (no change)
  [123/1876] https://nz.trustpilot.com/submitted/review?correlationid=0213427c-b7d1-4590-b9f6-961832347c2f
    -> 'Published' *- (no change)
  [124/1876] https://ca.trustpilot.com/submitted/review?correlationid=7895c05e-3e08-4381-9266-bf2336b09a79
    -> 'Published' *- (no change)
  [125/1876] https://de.trustpilot.com/submitted/review?correlationid=ee8d0cc9-8e13-4ba5-9ba5-bf4be060a377
    -> 'Published' *- (no change)
  [126/1876] https://de.trustpilot.com/submitted/review?correlationid=d1e690ab-503c-46ce-95fc-b3e55a949502
    -> 'Published' *- (no change)
  [127/1876] https://de.trustpilot.com/submitted/review?correlationid=e840fa5b-716b-4932-a994-f8891a86143b
    -> 'Published' *- (no change)
  [128/1876] https://uk.trustpilot.com/submitted/review?correlationid=8ea1b278-fbb2-461d-8a39-ab0daec61b91
    -> 'Published' *- (no change)
  [129/1876] https://de.trustpilot.com/submitted/review?correlationid=65fd73ec-8199-412a-872c-a999d05560a8
    -> 'Published' *- (no change)
  [130/1876] https://no.trustpilot.com/submitted/review?correlationid=65551fe4-1bee-4a47-9ac2-967ddac0d754
    -> 'Published' *- (no change)
  [131/1876] https://www.trustpilot.com/submitted/review?correlationid=b7763ed5-dbc5-4d07-a7f7-66fac5e9a8e8
    -> 'Published' *- (no change)
  [132/1876] https://de.trustpilot.com/submitted/review?correlationid=4dc9baf3-2670-4d15-b714-18419468bdda
    -> 'Published' *- (no change)
  [133/1876] https://au.trustpilot.com/submitted/review?correlationid=f7775804-9d67-429b-81d6-f3a90ae6313f
    -> 'Published' *- (no change)
  [134/1876] https://www.trustpilot.com/submitted/review?correlationid=434c6271-8206-4f72-ad42-58fbcc71075c
    -> 'Published' *- (no change)
  [135/1876] https://ca.trustpilot.com/submitted/review?correlationid=a2dc3e77-283c-453d-89a9-8d37b415fdde
    -> 'Published' *- (no change)
  [136/1876] https://nz.trustpilot.com/submitted/review?correlationid=6c2142df-a513-4c72-8567-b897222d0e18
    -> 'Published' *- (no change)
  [137/1876] https://au.trustpilot.com/submitted/review?correlationid=8d0b8d7d-e95b-4a4f-a091-13588c6cb2ab
    -> 'Published' *- (no change)
  [138/1876] https://no.trustpilot.com/submitted/review?correlationid=977cdd38-2316-4245-8c2b-1a8afa62e7f0
    -> 'Published' *- (no change)
  [139/1876] https://www.trustpilot.com/submitted/review?correlationid=7b2c4ff7-ba40-4ea0-8d83-1df43df507b3
    -> 'Published' *- (no change)
  [140/1876] https://ca.trustpilot.com/submitted/review?correlationid=996fef7b-0877-4b32-b6b2-93ea7d767036
    -> 'Published' -> 'Removed' *5 (sheet: ok)
  [141/1876] https://dk.trustpilot.com/users/67b3469bd7c7299ff81c7c7a
    -> 'Published' *- (no change)
  [142/1876] https://ca.trustpilot.com/submitted/review?correlationid=d3adf8e2-966d-4386-a227-d9937d17f8b5
    -> 'Published' *- (no change)
  [143/1876] https://no.trustpilot.com/submitted/review?correlationid=dbcc9e37-5109-45fd-91f1-df59d038b20a
    -> 'Published' -> 'Removed' *5 (sheet: ok)
  [144/1876] https://www.trustpilot.com/submitted/review?correlationid=19dd9d92-7b88-41f7-bcc1-c8daefaa1495
    -> 'Published' *- (no change)
  [145/1876] https://nz.trustpilot.com/submitted/review?correlationid=bcd93286-8f79-4858-8726-4e42093245b3
    -> 'Published' *- (no change)
  [146/1876] https://de.trustpilot.com/submitted/review?correlationid=c268f725-1dbe-4eeb-9ae9-e43e1ea09ebe
    -> 'Published' *- (no change)
  [147/1876] https://ca.trustpilot.com/submitted/review?correlationid=ca5b1c88-452b-45a4-84e8-27a8da4d9d24
    -> 'Published' *- (no change)
  [148/1876] https://www.trustpilot.com/users/67c057690580611bd5230aee
    -> 'Published' *- (no change)
  [149/1876] https://www.trustpilot.com/users/67c6cc95d777aa5da644dc3f
    -> 'Published' *- (no change)
  [150/1876] https://uk.trustpilot.com/submitted/review?correlationid=98934cf8-00c4-4fbe-b26f-443a22ce6804
    -> 'Published' *- (no change)
  [151/1876] https://au.trustpilot.com/submitted/review?correlationid=5fe14074-dbf2-41d9-974a-a63b66d54bf1
    -> 'Published' *- (no change)
  [152/1876] https://ca.trustpilot.com/submitted/review?correlationid=64bb30b5-905b-4187-9ec0-03a8525c1360
    -> 'Published' *- (no change)
  [153/1876] https://no.trustpilot.com/submitted/review?correlationid=0db16823-fef4-4b08-b7f0-2bc7d67eca53
    -> 'Published' *- (no change)
  [154/1876] https://www.trustpilot.com/submitted/review?correlationid=eaa83a1d-9fa2-4da7-a88e-dfbad9bf254a
    -> 'Published' *- (no change)
  [155/1876] https://ca.trustpilot.com/submitted/review?correlationid=c1bbed39-6890-4445-be7e-646c183df786
    -> 'Published' *- (no change)
  [156/1876] https://uk.trustpilot.com/submitted/review?correlationid=19f633fd-c807-41ce-99b3-f2f91dce794e
    -> 'Published' *- (no change)
  [157/1876] https://de.trustpilot.com/submitted/review?correlationid=2a96f4aa-b01f-4874-a395-5d3437e6a5dd
    -> 'Published' *- (no change)
  [158/1876] https://au.trustpilot.com/submitted/review?correlationid=4dadc1e5-1694-44b2-82d3-3569d5ab3718
    -> 'Published' *- (no change)
  [159/1876] https://ca.trustpilot.com/submitted/review?correlationid=0f485239-0075-471c-bebf-fdc37275f528
    -> 'Published' *- (no change)
  [160/1876] https://au.trustpilot.com/submitted/review?correlationid=addac56e-e1be-4650-a6e3-e934da942403
    -> 'Published' *- (no change)
  [161/1876] https://www.trustpilot.com/submitted/review?correlationid=7e8f9886-5d0c-4e84-9bf4-c6d0247f0abf
    -> 'Published' *- (no change)
  [162/1876] https://uk.trustpilot.com/submitted/review?correlationid=261498c5-763f-40c6-a96f-ca7c539b044a
    -> 'Published' *- (no change)
  [163/1876] https://www.trustpilot.com/submitted/review?correlationid=e29248b5-e85b-487e-b9d3-bcc572f4a0e6
    -> 'Published' *- (no change)
  [164/1876] https://de.trustpilot.com/submitted/review?correlationid=048e2d48-f14b-42a6-bde4-644f9f8f4b70
    -> 'Published' *- (no change)
  [165/1876] https://nz.trustpilot.com/submitted/review?correlationid=4e592b06-fd81-4161-9a09-803da0ab362a
    -> 'Published' *- (no change)
  [166/1876] https://ca.trustpilot.com/submitted/review?correlationid=82629f6a-fefa-4233-b761-efe677388cac
    -> 'Published' *- (no change)
  [167/1876] https://nz.trustpilot.com/submitted/review?correlationid=6f5c19a5-2356-446e-80e4-f0720b94a000
    -> 'Published' *- (no change)
  [168/1876] https://ca.trustpilot.com/submitted/review?correlationid=c6ca6ef8-1333-47c4-80f1-ceb152102e8b
    -> 'Published' *- (no change)
  [169/1876] https://ca.trustpilot.com/submitted/review?correlationid=d458b17e-fcb1-446e-a434-4956f336aac9
    -> 'Published' *- (no change)
  [170/1876] https://ca.trustpilot.com/submitted/review?correlationid=fbb9830f-c445-470b-adad-5d5b5a6b5597
    -> 'Published' *- (no change)
  [171/1876] https://ca.trustpilot.com/submitted/review?correlationid=023f9553-8d59-4750-978c-1a5460ace209
    -> 'Published' *- (no change)
  [172/1876] https://no.trustpilot.com/submitted/review?correlationid=6dc9bd25-8608-46f6-ab6a-ab898d9c8623
    -> 'Published' *- (no change)
  [173/1876] https://no.trustpilot.com/submitted/review?correlationid=e04cf1d3-99bc-4b2b-991c-be3c8469a655
    -> 'Published' *- (no change)
  [174/1876] https://www.trustpilot.com/submitted/review?correlationid=454d91f4-7571-4bc8-83e5-e9054748ea7a
    -> 'Published' *- (no change)
  [175/1876] https://nz.trustpilot.com/submitted/review?correlationid=ae5a35ac-3f73-4507-9e64-eac3d8c5574c
    -> 'Published' *- (no change)
  [176/1876] https://www.trustpilot.com/submitted/review?correlationid=c6d6f973-476d-415d-b05f-c4d25a099c85
    -> 'Published' *- (no change)
  [177/1876] https://www.trustpilot.com/submitted/review?correlationid=7a36288c-a935-437e-b21c-0c78ea431c3e
    -> 'Published' *- (no change)
  [178/1876] https://ca.trustpilot.com/submitted/review?correlationid=014b6ccb-4d83-4357-875e-6f8acb9de576
    -> 'Published' *- (no change)
  [179/1876] https://www.trustpilot.com/submitted/review?correlationid=b851bb7d-00c7-471c-ab25-ef6cc010703f
    -> 'Published' *- (no change)
  [180/1876] https://se.trustpilot.com/submitted/review?correlationid=3cd30552-5d94-4283-bc8e-c055bd69d1dc
    -> 'Published' *- (no change)
  [181/1876] https://au.trustpilot.com/submitted/review?correlationid=bc3df58a-9be7-4ee3-8d7f-23d11a70d28d
    -> 'Published' *- (no change)
  [182/1876] https://au.trustpilot.com/submitted/review?correlationid=bb5fc3b2-eea9-442c-94c2-a52bcc27cdfb
    -> 'Published' *- (no change)
  [183/1876] https://nz.trustpilot.com/submitted/review?correlationid=04240c0d-184b-4eec-a837-d1aa6059559a
    -> 'Published' *- (no change)
  [184/1876] https://www.trustpilot.com/submitted/review?correlationid=08a4466a-4022-41e4-bff3-88622d6c576c
    -> 'Published' *- (no change)
  [185/1876] https://de.trustpilot.com/submitted/review?correlationid=17714333-8533-4323-be05-ace4da301b69
    -> 'Published' *- (no change)
  [186/1876] https://no.trustpilot.com/submitted/review?correlationid=1748e854-605a-4d92-b0aa-66e451c6bc2f
    -> 'Published' *- (no change)
  [187/1876] https://ca.trustpilot.com/submitted/review?correlationid=ecf9c580-fdd8-417c-8b26-ce05869897fa
    -> 'Published' *- (no change)
  [188/1876] https://nl.trustpilot.com/submitted/review?correlationid=4d13f9c7-a7e2-4237-b8dc-a8f349a1f737
    -> 'Published' *- (no change)
  [189/1876] https://de.trustpilot.com/submitted/review?correlationid=a978553c-9c7a-4a41-b107-0a61772d4dbc
    -> 'Published' *- (no change)
  [190/1876] https://ca.trustpilot.com/submitted/review?correlationid=786c7557-80c8-4cc3-a3ba-d22a6b4e55bf
    -> 'Published' *- (no change)
  [191/1876] https://de.trustpilot.com/submitted/review?correlationid=4614a850-d437-4bff-ae67-4f741f7fac3b
    -> 'Published' *- (no change)
  [192/1876] https://uk.trustpilot.com/submitted/review?correlationid=09e1b7b9-f405-4d57-ba10-ccc798beb802
    -> 'Published' *- (no change)
  [193/1876] https://au.trustpilot.com/submitted/review?correlationid=6c3097ca-7610-454c-9925-72f97a344ddf
    -> 'Published' *- (no change)
  [194/1876] https://www.trustpilot.com/submitted/review?correlationid=1da77f01-a114-4ef5-9686-90df8bc1af06
    -> 'Published' *- (no change)
  [195/1876] https://nz.trustpilot.com/submitted/review?correlationid=03acee69-a859-49f4-ae06-f0996b9cdf0f
    -> 'Published' *- (no change)
  [196/1876] https://no.trustpilot.com/submitted/review?correlationid=bb42b818-b608-4615-96f7-6a8ce93116f1
    -> 'Published' *- (no change)
  [197/1876] https://www.trustpilot.com/submitted/review?correlationid=e00b0f17-43c2-4b00-9828-2180265e74f5
    -> 'Published' *- (no change)
  [198/1876] https://www.trustpilot.com/submitted/review?correlationid=f0124f9e-cd1d-403d-b94e-eb43e21fb5f2
    -> 'Published' *- (no change)
  [199/1876] https://www.trustpilot.com/submitted/review?correlationid=1fc1ae46-d172-4d50-b828-6851ee635cc4
    -> 'Published' *- (no change)
  [200/1876] https://www.trustpilot.com/users/67c1b0b58d25fba2ce92a698
    -> 'Published' *- (no change)
  [201/1876] https://au.trustpilot.com/submitted/review?correlationid=d93ea5d5-360b-45f0-a12f-c93aa3224e6d
    -> 'Published' *- (no change)
  [202/1876] https://uk.trustpilot.com/submitted/review?correlationid=dc10321c-f71d-4759-9031-4becca684045
    -> 'Published' *- (no change)
  [203/1876] https://de.trustpilot.com/submitted/review?correlationid=ca8fe226-20e2-44bb-900a-f5c00bf9f2d5
    -> 'Published' *- (no change)
  [204/1876] https://no.trustpilot.com/submitted/review?correlationid=684681be-ab99-4a1e-96aa-694f1e9b9c63
    -> 'Published' *- (no change)
  [205/1876] https://ca.trustpilot.com/submitted/review?correlationid=6b3fd168-a732-4aca-b885-d0b3bca7930f
    -> 'Published' *- (no change)
  [206/1876] https://no.trustpilot.com/submitted/review?correlationid=9907e6ab-7a5b-4fe6-bded-924c3b712b43
    -> 'Published' *- (no change)
  [207/1876] https://no.trustpilot.com/submitted/review?correlationid=52fef739-bb78-46a7-8cd4-5c4a474f20b3
    -> 'Published' *- (no change)
  [208/1876] https://no.trustpilot.com/submitted/review?correlationid=47afd689-22b1-4379-b435-c6495d8e7aef
    -> 'Published' *- (no change)
  [209/1876] https://de.trustpilot.com/submitted/review?correlationid=92785363-6d97-4ff1-a3f5-d584f3ecbf26
    -> 'Published' *- (no change)
  [210/1876] https://de.trustpilot.com/submitted/review?correlationid=3d14ef94-7d8a-4df6-a6bf-f2c0e6741727
    -> 'Published' *- (no change)
  [211/1876] https://au.trustpilot.com/submitted/review?correlationid=ce5c09b5-a66e-43bc-b0cc-bbbebd6f3ecd
    -> 'Published' *- (no change)
  [212/1876] https://nz.trustpilot.com/submitted/review?correlationid=af72dc23-a67e-4d8b-bd68-2a0d05fcbab0
    -> 'Published' *- (no change)
  [213/1876] https://de.trustpilot.com/submitted/review?correlationid=aa229482-c14c-4074-9389-41c1c473f8ed
    -> 'Published' *- (no change)
  [214/1876] https://dk.trustpilot.com/submitted/review?correlationid=9591b123-705b-4116-9384-382ae8e319ca
    -> 'Published' *- (no change)
  [215/1876] https://dk.trustpilot.com/submitted/review?correlationid=39068857-2385-48a0-802d-aacc0e722036
    -> 'Published' *- (no change)
  [216/1876] https://au.trustpilot.com/submitted/review?correlationid=210389c7-b447-4687-ba6e-c16a2e4231ed
    -> 'Published' *- (no change)
  [217/1876] https://ca.trustpilot.com/submitted/review?correlationid=7b9c2f72-13b0-43fc-89e8-9fdfacdafebd
    -> 'Published' *- (no change)
  [218/1876] https://au.trustpilot.com/submitted/review?correlationid=9932f0e0-d284-4bb9-8513-7e718d12a3ea
    -> 'Published' -> 'Removed' *5 (sheet: ok)
  [219/1876] https://ca.trustpilot.com/submitted/review?correlationid=56ac9366-a831-45a2-b23e-8fc98526f354
    -> 'Published' *- (no change)
  [220/1876] https://nz.trustpilot.com/submitted/review?correlationid=4f611cbc-840e-4966-97ac-ebb6893df34f
    -> 'Published' *- (no change)
  [221/1876] https://no.trustpilot.com/submitted/review?correlationid=a4dfe3fe-8919-45d0-85f8-9d9f626b368f
    -> 'Published' *- (no change)
  [222/1876] https://www.trustpilot.com/submitted/review?correlationid=be93a3c5-481e-4893-9ad0-d547f04c8352
    -> 'Published' *- (no change)
  [223/1876] https://de.trustpilot.com/submitted/review?correlationid=db795471-8e1d-4374-b4a7-8165271c3439
    -> 'Published' *- (no change)
  [224/1876] https://www.trustpilot.com/submitted/review?correlationid=876bbecd-83e3-41e8-9cae-b43693949873
    -> 'Published' *- (no change)
  [225/1876] https://au.trustpilot.com/submitted/review?correlationid=ae77fced-7e1d-4fe2-aa06-5460a82b2a3d
    -> 'Published' *- (no change)
  [226/1876] https://ca.trustpilot.com/submitted/review?correlationid=7c68828f-d493-4c57-bcb8-5145b900f3e9
    -> 'Published' *- (no change)
  [227/1876] https://www.trustpilot.com/users/67c03c2098acc717b4079c78
    -> 'Published' *- (no change)
  [228/1876] https://ca.trustpilot.com/submitted/review?correlationid=41ff526c-360f-4107-8121-6a6692deafa4
    -> 'Published' *- (no change)
  [229/1876] https://de.trustpilot.com/submitted/review?correlationid=64c1f65f-32ca-4a12-8d8e-a90ec0cffd9a
    -> 'Published' *- (no change)
  [230/1876] https://au.trustpilot.com/submitted/review?correlationid=51f7085a-e211-4f73-91d4-c55b2a2f62eb
    -> 'Published' -> 'Removed' *5 (sheet: ok)
  [231/1876] https://no.trustpilot.com/submitted/review?correlationid=172073fc-6276-4694-9601-34fc26ea5a04
    -> 'Published' *- (no change)
  [232/1876] https://ca.trustpilot.com/submitted/review?correlationid=d528407f-1edf-47cc-a770-e4c108aa76bb
    -> 'Published' *- (no change)
  [233/1876] https://nz.trustpilot.com/submitted/review?correlationid=77cdece8-221f-4229-8bb5-e03393ca2076
    -> 'Published' *- (no change)
  [234/1876] https://no.trustpilot.com/submitted/review?correlationid=52b65b97-0fa3-4f1b-b7fe-0c1a99981d16
    -> 'Published' *- (no change)
  [235/1876] https://no.trustpilot.com/submitted/review?correlationid=f29ec615-8680-40ae-b840-5e3d1e8dac6d
    -> 'Published' *- (no change)
  [236/1876] https://de.trustpilot.com/submitted/review?correlationid=46944d71-175f-438c-9877-fe35ae0c5e46
    -> 'Published' -> 'Removed' *5 (sheet: ok)
  [237/1876] https://ca.trustpilot.com/users/67d0365ea83c7b2e764dba55
    -> 'Published' *- (no change)
  [238/1876] https://au.trustpilot.com/submitted/review?correlationid=576ebfe7-80f3-4cba-bf3b-fdbb5babecac
    -> 'Published' *- (no change)
  [239/1876] https://nz.trustpilot.com/submitted/review?correlationid=a24183d2-e608-45ae-8ada-f017d8cf9071
    -> 'Published' *- (no change)
  [240/1876] https://de.trustpilot.com/submitted/review?correlationid=2e771d4c-655a-4cc5-a4e5-48712b9d10b0
    -> 'Published' *- (no change)
  [241/1876] https://nz.trustpilot.com/submitted/review?correlationid=2d611c51-9224-433e-a7d9-c066fe689cf2
    -> 'Published' *- (no change)
  [242/1876] https://ca.trustpilot.com/submitted/review?correlationid=02582a91-67d5-4437-9085-0d6bb3cab427
    -> 'Published' *- (no change)
  [243/1876] https://www.trustpilot.com/submitted/review?correlationid=d85f3eda-8a07-4a0e-9f60-f649ced2b25d
    -> 'Published' *- (no change)
  [244/1876] https://it.trustpilot.com/submitted/review?correlationid=80d90e56-631c-4070-91a8-065337ac7106
    -> 'Published' *- (no change)
  [245/1876] https://au.trustpilot.com/submitted/review?correlationid=39240adf-179b-4cda-89eb-d4b9d804f375
    -> 'Published' *- (no change)
  [246/1876] https://au.trustpilot.com/submitted/review?correlationid=073d6860-053f-4625-9648-d2d7534e6d5c
    -> 'Published' *- (no change)
  [247/1876] https://www.trustpilot.com/submitted/review?correlationid=23360b0f-a39c-4b5d-9c3b-263b8ab74f3c
    -> 'Published' *- (no change)
  [248/1876] https://no.trustpilot.com/submitted/review?correlationid=3e1868a9-e642-49f6-851b-792cbcaac7f3
    -> 'Published' *- (no change)
  [249/1876] https://de.trustpilot.com/submitted/review?correlationid=aa259f8d-0690-44dd-b780-a7af84e8856c
    -> 'Published' *- (no change)
  [250/1876] https://.trustpilot.com/submitted/review?correlationid=f0692838-6f60-4455-9fad-6a924a2ac842
    -> 'Published' *- (no change)
  [251/1876] https://ca.trustpilot.com/users/67e289b72ec552577032aa92
    -> 'Published' *- (no change)
  [252/1876] https://nz.trustpilot.com/submitted/review?correlationid=e3e13348-32ab-4f60-b0ff-c50204477dce
    -> 'Published' *- (no change)
  [253/1876] https://nz.trustpilot.com/submitted/review?correlationid=bb72f505-f959-4604-9c21-bf2944cef803
    -> 'Published' *- (no change)
  [254/1876] https://ca.trustpilot.com/submitted/review?correlationid=f18e3e10-06ca-42f8-ab7a-e84069453ce5
    -> 'Published' *- (no change)
  [255/1876] https://ca.trustpilot.com/submitted/review?correlationid=70691ea0-af58-4481-bf7c-828ae02049e3
    -> 'Published' *- (no change)
  [256/1876] https://au.trustpilot.com/submitted/review?correlationid=4421f5ea-0d6e-47a0-8dac-29b119030dee
    -> 'Published' *- (no change)
  [257/1876] https://nl.trustpilot.com/submitted/review?correlationid=dce7cc18-3059-4773-aed1-fb7100be912e
    -> 'Published' *- (no change)
  [258/1876] https://de.trustpilot.com/submitted/review?correlationid=6e1233a4-bfa9-4af7-b8bd-4ee1e3af4fbe
    -> 'Published' *- (no change)
  [259/1876] https://nz.trustpilot.com/submitted/review?correlationid=8fe9c03d-878c-4a26-978d-1b27a5d6432b
    -> 'Published' *- (no change)
  [260/1876] https://ca.trustpilot.com/submitted/review?correlationid=e539aaed-4db3-47ec-853e-6ac91d4cb364
    -> 'Published' *- (no change)
  [261/1876] https://ca.trustpilot.com/submitted/review?correlationid=c914664c-aaee-457c-a44f-1b341bdc7caf
    -> 'Published' *- (no change)
  [262/1876] https://au.trustpilot.com/submitted/review?correlationid=95e3f53c-c723-4665-8eea-61ac579835d4
    -> 'Published' *- (no change)
  [263/1876] https://uk.trustpilot.com/submitted/review?correlationid=12bd4441-5199-484e-ae08-651b1c7dd0fb
    -> 'Published' *- (no change)
  [264/1876] https://uk.trustpilot.com/submitted/review?correlationid=181bdd29-87a1-4b76-9139-4c803ba2e289
    -> 'Published' *- (no change)
  [265/1876] https://de.trustpilot.com/submitted/review?correlationid=247fac4a-5f90-4ccf-8445-540180fcb795
    -> 'Published' *- (no change)
  [266/1876] https://www.trustpilot.com/submitted/review?correlationid=6b6027d8-123d-4b62-a502-a27bf8199533
    -> 'Published' *- (no change)
  [267/1876] https://www.trustpilot.com/submitted/review?correlationid=f0a3f474-22cb-4f2a-ba1d-e686b1b3198d
    -> 'Published' *- (no change)
  [268/1876] https://no.trustpilot.com/submitted/review?correlationid=4e092ab3-083f-4ab0-88a0-824cd5748f14
    -> 'Published' *- (no change)
  [269/1876] https://ca.trustpilot.com/submitted/review?correlationid=89b319a7-4bb9-46cc-8385-5ae3a9eb83fc
    -> 'Published' *- (no change)
  [270/1876] https://www.trustpilot.com/users/67dbef2220cf685a7766124b
    -> 'Published' *- (no change)
  [271/1876] https://www.trustpilot.com/submitted/review?correlationid=7fc6e598-1058-42ed-9ce7-99a655e67e95
    -> 'Published' *- (no change)
  [272/1876] https://de.trustpilot.com/submitted/review?correlationid=1906daab-9e7f-4d15-b8a2-30eb56b547fa
    -> 'Published' *- (no change)
  [273/1876] https://au.trustpilot.com/submitted/review?correlationid=5e10a6a1-1d19-4d6d-b2a9-e1d0ab8159f0
    -> 'Published' *- (no change)
  [274/1876] https://au.trustpilot.com/submitted/review?correlationid=3f8349bf-0d78-4c86-8786-8ae679da320a
    -> 'Published' *- (no change)
  [275/1876] https://au.trustpilot.com/submitted/review?correlationid=a94ac4a0-8a90-4fe9-87bf-99a1f748f05b
    -> 'Published' *- (no change)
  [276/1876] https://nl.trustpilot.com/submitted/review?correlationid=98e7c3e6-4d22-430e-98c5-1f3fe1eb9b88
    -> 'Published' *- (no change)
  [277/1876] https://ca.trustpilot.com/submitted/review?correlationid=b83581d7-88dd-4a23-bee0-1c897b9c974a
    -> 'Published' *- (no change)
  [278/1876] https://no.trustpilot.com/users/67b897fe50283b5c211a79ea
    -> 'Published' *- (no change)
  [279/1876] https://ca.trustpilot.com/submitted/review?correlationid=a75beaa3-43f7-421a-8cb5-4461f3c3cec8
    -> 'Published' *- (no change)
  [280/1876] https://de.trustpilot.com/submitted/review?correlationid=046689b7-ed81-47eb-b052-0b8bea62aeb4
    -> 'Published' *- (no change)
  [281/1876] https://at.trustpilot.com/submitted/review?correlationid=4c59a310-819e-450b-a162-f2685d67d171
    -> 'Published' *- (no change)
  [282/1876] https://www.trustpilot.com/submitted/review?correlationid=af3c98ac-8f5b-4041-b571-372f9e97aca6
    -> 'Published' *- (no change)
  [283/1876] https://www.trustpilot.com/users/67af5007d7c72970c5190894
    -> 'Published' *- (no change)
  [284/1876] https://www.trustpilot.com/submitted/review?correlationid=52a8185a-22e6-4ac7-bf84-527243501098
    -> 'Published' *- (no change)
  [285/1876] https://uk.trustpilot.com/submitted/review?correlationid=cfaec0c9-b7c8-4df2-8132-9cd217ef78cc
    -> 'Published' *- (no change)
  [286/1876] https://no.trustpilot.com/submitted/review?correlationid=3e715ec3-6bb5-4e95-9031-74a3b2b19c21
    -> 'Published' *- (no change)
  [287/1876] https://ie.trustpilot.com/users/67af5caad7c72985b6192099
    -> 'Published' *- (no change)
  [288/1876] https://ca.trustpilot.com/submitted/review?correlationid=9e8f5a68-f03c-469a-b4b7-d472d2e5ebdb
    -> 'Published' *- (no change)
  [289/1876] https://ca.trustpilot.com/submitted/review?correlationid=18fa6bf4-3fbe-4bd6-9784-f4cb91104789
    -> 'Published' *- (no change)
  [290/1876] https://de.trustpilot.com/submitted/review?correlationid=14e41058-6769-4550-b179-128ac4972ea3
    -> 'Published' -> 'Removed' *5 (sheet: ok)
  [291/1876] https://uk.trustpilot.com/submitted/review?correlationid=43d99d19-00c6-4ae8-b934-f1a583f32402
    -> 'Published' *- (no change)
  [292/1876] https://www.trustpilot.com/submitted/review?correlationid=31f1d8d5-8dd9-4038-afc2-aabecd6149bc
    -> 'Published' *- (no change)
  [293/1876] https://it.trustpilot.com/submitted/review?correlationid=c7725405-cf94-4339-a386-2ca49fb3329e
    -> 'Published' *- (no change)
  [294/1876] https://ca.trustpilot.com/submitted/review?correlationid=e781155d-8ca8-4e72-906a-ba307aedeeec
    -> 'Published' *- (no change)
  [295/1876] https://au.trustpilot.com/submitted/review?correlationid=b64f278c-8690-416d-8a99-f63371dabff0
    -> 'Published' *- (no change)
  [296/1876] https://au.trustpilot.com/submitted/review?correlationid=da41ae9b-e915-4f33-8a1d-28ec3d48b128
    -> 'Published' *- (no change)
  [297/1876] https://se.trustpilot.com/submitted/review?correlationid=c0a3b920-0989-4cce-92b8-bea4576e0f5d
    -> 'Published' *- (no change)
  [298/1876] https://www.trustpilot.com/submitted/review?correlationid=9fdbbfdb-eea8-447c-8208-6324849e25c2
    -> 'Published' *- (no change)
  [299/1876] https://no.trustpilot.com/submitted/review?correlationid=40673737-e589-4c7c-a755-cc23cd6f5f9f
    -> 'Published' *- (no change)
  [300/1876] https://de.trustpilot.com/submitted/review?correlationid=41410a06-df74-4a29-8ca9-3c787435a59b
    -> 'Published' *- (no change)
  [301/1876] https://nz.trustpilot.com/submitted/review?correlationid=19bc9106-5c9c-4d59-9f07-eb1d73cdfa35
    -> 'Published' *- (no change)
  [302/1876] https://uk.trustpilot.com/submitted/review?correlationid=b7188d8e-d1b5-497b-a1a2-78a69a17008f
    -> 'Published' *- (no change)
  [303/1876] https://nz.trustpilot.com/submitted/review?correlationid=a76ac5d8-89a6-4f86-8a71-9b3f51a905ea
    -> 'Published' *- (no change)
  [304/1876] https://ca.trustpilot.com/submitted/review?correlationid=62186a94-b2a3-4c99-9152-63ab29a9a1b7
    -> 'Published' *- (no change)
  [305/1876] https://at.trustpilot.com/submitted/review?correlationid=7acc63d3-d00a-4a42-94dd-06844b040473
    -> 'Published' *- (no change)
  [306/1876] https://au.trustpilot.com/submitted/review?correlationid=1ecae432-fa1c-4ca9-ad3e-2ae56f05e42c
    -> 'Published' *- (no change)
  [307/1876] https://nz.trustpilot.com/submitted/review?correlationid=f099a508-93c9-434f-bf84-f0f816f0c357
    -> 'Published' *- (no change)
  [308/1876] https://www.trustpilot.com/submitted/review?correlationid=b0b93d8c-9bd6-46ea-bd65-c1cccb0bd920
    -> 'Published' *- (no change)
  [309/1876] https://de.trustpilot.com/submitted/review?correlationid=0b1f5eca-e46a-4e97-a172-444dedb6b9a4
    -> 'Published' *- (no change)
  [310/1876] https://www.trustpilot.com/submitted/review?correlationid=8d09b49d-be2d-4906-8dcc-373c2cb8ebe1
    -> 'Published' *- (no change)
  [311/1876] https://dk.trustpilot.com/submitted/review?correlationid=e198fa0f-c39d-4cb5-88dd-06df43038940
    -> 'Published' *- (no change)
  [312/1876] https://de.trustpilot.com/users/67c6f2d0d777aaa1c2451d16
    -> 'Published' *- (no change)
  [313/1876] https://www.trustpilot.com/submitted/review?correlationid=007dfa9a-62f5-4f83-b5fa-dc5636a5469b
    -> 'Published' *- (no change)
  [314/1876] https://de.trustpilot.com/submitted/review?correlationid=6ce6d24c-9151-45cf-acd2-86d3d89a2a01
    -> 'Published' *- (no change)
  [315/1876] https://de.trustpilot.com/submitted/review?correlationid=2e8f3c14-8cb7-4412-8226-a7d428a03320
    -> 'Published' *- (no change)
  [316/1876] https://de.trustpilot.com/submitted/review?correlationid=cf96c421-5d0e-4690-b6ec-f89a41ebb956
    -> 'Published' *- (no change)
  [317/1876] https://www.trustpilot.com/submitted/review?correlationid=bc9fa4af-1e82-404d-ba8a-d0216832c496
    -> 'Published' *- (no change)
  [318/1876] https://ca.trustpilot.com/submitted/review?correlationid=3e0861d6-0e90-4349-b6f1-da83c84df1bb
    -> 'Published' *- (no change)
  [319/1876] https://nz.trustpilot.com/submitted/review?correlationid=a4242e7b-6d38-4677-baf2-b635beb43b06
    -> 'Published' -> 'Removed' *4 (sheet: ok)
  [320/1876] https://au.trustpilot.com/submitted/review?correlationid=a70121af-f34c-45d4-973b-0d18fd8b0f72
    -> 'Published' *- (no change)
  [321/1876] https://www.trustpilot.com/users/67c9a4da79aa5012d647a10b
    -> 'Published' *- (no change)
  [322/1876] https://www.trustpilot.com/users/67c83c7b21c5aba9e65d8c1e
    -> 'Published' *- (no change)
  [323/1876] https://ca.trustpilot.com/submitted/review?correlationid=0d652301-3f4a-46ba-90c8-4c1760992379
    -> 'Published' *- (no change)
  [324/1876] https://au.trustpilot.com/submitted/review?correlationid=3713a8a6-dfdb-401b-bbfd-6e2abbdabe8e
    -> 'Published' *- (no change)
  [325/1876] https://no.trustpilot.com/submitted/review?correlationid=bf0a0ce8-e113-4de6-9bfe-89eb2e9bf03c
    -> 'Published' *- (no change)
  [326/1876] https://www.trustpilot.com/submitted/review?correlationid=2a827456-fdc7-408b-abeb-a640770aa987
    -> 'Published' *- (no change)
  [327/1876] https://ca.trustpilot.com/submitted/review?correlationid=3c123114-67d4-49a3-a3f9-111901cd833e
    -> 'Published' -> 'Removed' *4 (sheet: ok)
  [328/1876] https://de.trustpilot.com/submitted/review?correlationid=f202ab5c-57c8-4c4a-b0ff-c9a83a0af1bd
    -> 'Published' *- (no change)
  [329/1876] https://de.trustpilot.com/submitted/review?correlationid=0ac52d4d-2b66-4cad-86b5-8e8974e05aa2
    -> 'Published' *- (no change)
  [330/1876] https://www.trustpilot.com/submitted/review?correlationid=293a68b8-d69e-4751-a9e8-3dd0d8c65c51
    -> 'Published' *- (no change)
  [331/1876] https://nz.trustpilot.com/submitted/review?correlationid=432044b5-fb7c-4da9-b7ef-d6b857d4559f
    -> 'Published' *- (no change)
  [332/1876] https://de.trustpilot.com/submitted/review?correlationid=7ff70118-1c88-4023-91ad-dbfffdab481c
    -> 'Published' *- (no change)
  [333/1876] https://no.trustpilot.com/submitted/review?correlationid=3bdbb424-3a11-48df-97af-0ff44409d9ba
    -> 'Published' *- (no change)
  [334/1876] https://ca.trustpilot.com/submitted/review?correlationid=f7c5ea3b-f497-401e-81c8-48bdd0fa8461
    -> 'Published' *- (no change)
  [335/1876] https://dk.trustpilot.com/submitted/review?correlationid=7156dc86-ee4f-463e-9f7c-e5a489eecdd0
    -> 'Published' *- (no change)
  [336/1876] https://no.trustpilot.com/submitted/review?correlationid=39b7ad0a-196f-47f3-abfd-2ccfc0569e59
    -> 'Published' *- (no change)
  [337/1876] https://nz.trustpilot.com/submitted/review?correlationid=a6c76faa-6a98-4826-a927-daee648b8c09
    -> 'Published' *- (no change)
  [338/1876] https://no.trustpilot.com/submitted/review?correlationid=d606907d-c20b-4905-89c5-f1dec94a13c9
    -> 'Published' *- (no change)
  [339/1876] https://ca.trustpilot.com/submitted/review?correlationid=05276818-7ba9-41fb-b71e-ff3f7ee7da85
    -> 'Published' *- (no change)
  [340/1876] https://uk.trustpilot.com/submitted/review?correlationid=7c0941c7-6551-4224-adac-e6394a7cab60
    -> 'Published' *- (no change)
  [341/1876] https://ca.trustpilot.com/submitted/review?correlationid=2368b390-8fa6-451a-9660-8328a888e983
    -> 'Published' *- (no change)
  [342/1876] https://www.trustpilot.com/submitted/review?correlationid=23bb3be6-6dd0-4112-b41c-dd291aecef5e
    -> 'Published' *- (no change)
  [343/1876] https://www.trustpilot.com/submitted/review?correlationid=b505226d-3b94-429a-bec1-2863c654079c
    -> 'Published' *- (no change)
  [344/1876] https://www.trustpilot.com/submitted/review?correlationid=4e92f53d-9c0c-4991-91ed-328eeb593740
    -> 'Published' *- (no change)
  [345/1876] https://ca.trustpilot.com/submitted/review?correlationid=ef5e6e5a-9b86-482c-8e77-60f2f1a0cede
    -> 'Published' *- (no change)
  [346/1876] https://ca.trustpilot.com/submitted/review?correlationid=59ca3fe3-f7dc-4e0e-a28a-b56d55e6df8a
    -> 'Published' *- (no change)
  [347/1876] https://www.trustpilot.com/submitted/review?correlationid=8be3ff5c-a3ac-434a-b3bd-6f5d9f7f5c64
    -> 'Published' *- (no change)
  [348/1876] https://www.trustpilot.com/submitted/review?correlationid=ee0291c5-a4e3-4fc5-b8ec-a73996d092a0
    -> 'Published' *- (no change)
  [349/1876] https://it.trustpilot.com/submitted/review?correlationid=36074c7f-36bc-43c0-89da-0a9fce1e4d2d
    -> 'Published' *- (no change)
  [350/1876] https://uk.trustpilot.com/submitted/review?correlationid=785a292e-a676-4321-bc6c-d7392f14448f
    -> 'Published' *- (no change)
  [351/1876] https://www.trustpilot.com/submitted/review?correlationid=61cd0bc9-c3b6-4be0-a9cb-88a8b3f47f76
    -> 'Published' *- (no change)
  [352/1876] https://no.trustpilot.com/submitted/review?correlationid=5e878223-8e23-420c-8fcf-564d5ad78278
    -> 'Published' *- (no change)
  [353/1876] https://uk.trustpilot.com/submitted/review?correlationid=95b9acd3-03cc-4f4c-bc35-f23dc61e159d
    -> 'Published' *- (no change)
  [354/1876] https://de.trustpilot.com/submitted/review?correlationid=8654cee2-08f0-478c-9600-ee5a5cee32df
    -> 'Published' *- (no change)
  [355/1876] https://dk.trustpilot.com/submitted/review?correlationid=cc4a21e0-4562-46cb-a705-e5a150af0d72
    -> 'Published' *- (no change)
  [356/1876] https://au.trustpilot.com/submitted/review?correlationid=8715a15d-39d2-4820-aefd-b9deec80f85c
    -> 'Published' *- (no change)
  [357/1876] https://nz.trustpilot.com/submitted/review?correlationid=a6557a37-744a-4154-9dd9-e68bf3b5d302
    -> 'Published' *- (no change)
  [358/1876] https://de.trustpilot.com/submitted/review?correlationid=cc572410-33ae-49c5-887e-c599f5773f02
    -> 'Published' *- (no change)
  [359/1876] https://ca.trustpilot.com/submitted/review?correlationid=e97dff51-6ea0-492a-a7d7-2b69f0e22467
    -> 'Published' *- (no change)
  [360/1876] https://no.trustpilot.com/submitted/review?correlationid=be0a2acd-3b89-42ad-9ac7-9e93ac3b6ad0
    -> 'Published' -> 'Removed' *4 (sheet: ok)
  [361/1876] https://no.trustpilot.com/submitted/review?correlationid=e71015ee-ba29-48e8-b2dc-d1d922474bc6
    -> 'Published' *- (no change)
  [362/1876] https://www.trustpilot.com/submitted/review?correlationid=46bde0f9-8f91-45a3-bcbd-f23f0e20a50f
    -> 'Published' *- (no change)
  [363/1876] https://nz.trustpilot.com/submitted/review?correlationid=759f5f68-d597-47ae-8b84-6e87bac5a99d
    -> 'Published' *- (no change)
  [364/1876] https://www.trustpilot.com/submitted/review?correlationid=3d20a04a-0019-4b2c-95bf-ffddab310b01
    -> 'Published' *- (no change)
  [365/1876] https://uk.trustpilot.com/submitted/review?correlationid=d7cbc7f6-a1ce-4468-9d97-665b10a04770
    -> 'Published' *- (no change)
  [366/1876] https://nz.trustpilot.com/submitted/review?correlationid=deebcd8d-c6a9-4321-aa50-817895998845
    -> 'Published' *- (no change)
  [367/1876] https://ca.trustpilot.com/submitted/review?correlationid=4f29bb5b-02ef-48a0-91e0-fa22efff7349
    -> 'Published' *- (no change)
  [368/1876] https://www.trustpilot.com/submitted/review?correlationid=f52823f6-352f-461d-9a6a-ccf3d7614fbf
    -> 'Published' *- (no change)
  [369/1876] https://de.trustpilot.com/submitted/review?correlationid=0720ba9b-4cd4-4549-8ebc-54955c252023
    -> 'Published' *- (no change)
  [370/1876] https://nz.trustpilot.com/submitted/review?correlationid=805689c9-c2c7-4d54-8ab9-96a2891401f9
    -> 'Published' *- (no change)
  [371/1876] https://www.trustpilot.com/submitted/review?correlationid=9b8714a4-ea62-44ec-8c66-d9984bb0201a
    -> 'Published' *- (no change)
  [372/1876] https://www.trustpilot.com/submitted/review?correlationid=d3b79ee1-f28d-4e80-90d1-625c6ae0ef45
    -> 'Published' *- (no change)
  [373/1876] https://ca.trustpilot.com/submitted/review?correlationid=dceaacba-ab49-4033-97b1-cbb2d5284418
    -> 'Published' *- (no change)
  [374/1876] https://ca.trustpilot.com/submitted/review?correlationid=ce3a5b1a-07fb-4bc2-9662-7de76538a5e4
    -> 'Published' *- (no change)
  [375/1876] https://www.trustpilot.com/submitted/review?correlationid=38bef95b-024d-4a78-8340-abad20c65ca3
    -> 'Published' *- (no change)
  [376/1876] https://ca.trustpilot.com/submitted/review?correlationid=485cfc42-df8f-40eb-9e00-f778764703e5
    -> 'Published' *- (no change)
  [377/1876] https://at.trustpilot.com/submitted/review?correlationid=9029b79e-1841-4c49-8485-c3a21c90d1d6
    -> 'Published' *- (no change)
  [378/1876] https://au.trustpilot.com/submitted/review?correlationid=bd0e1cdf-e05c-4643-a957-4370ec1116f3
    -> 'Published' *- (no change)
  [379/1876] https://ca.trustpilot.com/submitted/review?correlationid=905f68a2-ffa7-4da0-8df7-58ed484c4ced
    -> 'Published' *- (no change)
  [380/1876] https://www.trustpilot.com/submitted/review?correlationid=4117ba7b-d248-4f1a-933b-70879a005237
    -> 'Published' *- (no change)
  [381/1876] https://www.trustpilot.com/submitted/review?correlationid=84fb07c9-116b-4603-b569-30836ade741e
    -> 'Published' *- (no change)
  [382/1876] https://au.trustpilot.com/submitted/review?correlationid=e52cb8e0-80d8-4ff6-975d-86401e5f60f9
    -> 'Published' *- (no change)
  [383/1876] https://ca.trustpilot.com/submitted/review?correlationid=5365d969-f11d-498f-b11c-2c9b87c68806
    -> 'Published' *- (no change)
  [384/1876] https://ca.trustpilot.com/submitted/review?correlationid=722915b5-aa34-4f02-9ff4-d803dba3d840
    -> 'Published' *- (no change)
  [385/1876] https://dk.trustpilot.com/submitted/review?correlationid=9d6d0413-b10c-4214-9bac-601a607cf0df
    -> 'Published' *- (no change)
  [386/1876] https://ca.trustpilot.com/submitted/review?correlationid=9dbb6f05-eb1d-4aef-97da-807fb5105b9b
    -> 'Published' *- (no change)
  [387/1876] https://uk.trustpilot.com/submitted/review?correlationid=c08ecd81-4a36-430f-9857-95cbb8dbab49
    -> 'Published' *- (no change)
  [388/1876] https://www.trustpilot.com/submitted/review?correlationid=12c532a8-33ab-449d-bef7-293336a90cf0
    -> 'Published' *- (no change)
  [389/1876] https://www.trustpilot.com/submitted/review?correlationid=9c9c9706-d70e-4b31-871a-1609579ff720
    -> 'Published' *- (no change)
  [390/1876] https://www.trustpilot.com/submitted/review?correlationid=d7778f82-a5df-43ed-9eee-caa29dc8d400
    -> 'Published' *- (no change)
  [391/1876] https://no.trustpilot.com/submitted/review?correlationid=9554ca38-e43a-4c66-aae5-fbf5ed75889b
    -> 'Published' *- (no change)
  [392/1876] https://www.trustpilot.com/submitted/review?correlationid=522c65b4-02d7-4f54-a6e1-ad356884e307
    -> 'Published' *- (no change)
  [393/1876] https://ca.trustpilot.com/submitted/review?correlationid=08cb6c20-53af-4253-b7bb-816e136c917d
    -> 'Published' *- (no change)
  [394/1876] https://de.trustpilot.com/submitted/review?correlationid=3e76db0a-5dac-43f3-a947-b5f8b0abaf86
    -> 'Published' *- (no change)
  [395/1876] https://www.trustpilot.com/submitted/review?correlationid=7fe4910d-1e50-4eba-93b1-c6aca4a91187
    -> 'Published' *- (no change)
  [396/1876] https://www.trustpilot.com/submitted/review?correlationid=c294c579-7ced-417b-9f98-f283b2c6fc44
    -> 'Published' *- (no change)
  [397/1876] https://uk.trustpilot.com/submitted/review?correlationid=c242612b-bf23-4fb2-a34b-8504441149a9
    -> 'Published' *- (no change)
  [398/1876] https://uk.trustpilot.com/submitted/review?correlationid=8c18386e-8e6d-48b2-98d5-29f28d0d000f
    -> 'Published' *- (no change)
  [399/1876] https://uk.trustpilot.com/submitted/review?correlationid=52cb5253-13d1-486c-91b6-30281e02cf47
    -> 'Published' *- (no change)
  [400/1876] https://de.trustpilot.com/submitted/review?correlationid=c7828f5d-1209-4f85-86d3-ba41338f696c
    -> 'Published' *- (no change)
  [401/1876] https://de.trustpilot.com/submitted/review?correlationid=c6bc11e6-1505-419f-b613-7141b5713646
    -> 'Published' *- (no change)
  [402/1876] https://www.trustpilot.com/submitted/review?correlationid=a04f428a-9328-468f-8768-5d91faa1bfe9
    -> 'Published' *- (no change)
  [403/1876] https://ca.trustpilot.com/submitted/review?correlationid=f7a252db-9239-44a7-a066-b311729aaa6c
    -> 'Published' *- (no change)
  [404/1876] https://de.trustpilot.com/users/67bf1993f53aba0ae035efc3
    -> 'Published' *- (no change)
  [405/1876] https://www.trustpilot.com/submitted/review?correlationid=ad75cdef-a2e5-4d0a-8329-faf03068dfcb
    -> 'Published' *- (no change)
  [406/1876] https://ca.trustpilot.com/submitted/review?correlationid=96567823-6119-45d5-b6ca-933ddc28888d
    -> 'Published' *- (no change)
  [407/1876] https://ca.trustpilot.com/submitted/review?correlationid=09305854-19c6-416c-ae2d-359c214b6bc8
    -> 'Published' *- (no change)
  [408/1876] https://de.trustpilot.com/submitted/review?correlationid=e3315dc3-0068-454f-8d0c-c38b1307977c
    -> 'Published' *- (no change)
  [409/1876] https://no.trustpilot.com/submitted/review?correlationid=bc9d9417-1e81-4fa7-8656-3b9247667daf
    -> 'Published' *- (no change)
  [410/1876] https://no.trustpilot.com/submitted/review?correlationid=99b79f96-6c5f-4437-8fa1-c419788c4b6d
    -> 'Published' *- (no change)
  [411/1876] https://www.trustpilot.com/submitted/review?correlationid=885dffdc-55fc-4278-a13d-f092cab52dcc
    -> 'Published' *- (no change)
  [412/1876] https://de.trustpilot.com/submitted/review?correlationid=fb774a4e-0de3-4574-b0e0-2d6e1a2ff1f4
    -> 'Published' *- (no change)
  [413/1876] https://ca.trustpilot.com/submitted/review?correlationid=30ccd5dc-6f42-4601-a8c1-f09619170bc5
    -> 'Published' *- (no change)
  [414/1876] https://de.trustpilot.com/submitted/review?correlationid=3ab30ca5-fc9d-40f2-ad61-d7752bcd1a4e
    -> 'Published' *- (no change)
  [415/1876] https://no.trustpilot.com/submitted/review?correlationid=5d21aa1f-845b-4b0e-8f9e-3a1404f39f52
    -> 'Published' -> 'Removed' *5 (sheet: ok)
  [416/1876] https://www.trustpilot.com/users/67c06067e3269c928b903200
    -> 'Published' *- (no change)
  [417/1876] https://se.trustpilot.com/submitted/review?correlationid=4a629861-53b9-4204-80d8-06670cd57f63
    -> 'Published' *- (no change)
  [418/1876] https://ca.trustpilot.com/submitted/review?correlationid=d873c67a-b0a1-441b-80cd-edc2fc6fc037
    -> 'Published' *- (no change)
  [419/1876] https://nz.trustpilot.com/submitted/review?correlationid=3c0fc2fd-d0e1-46da-a4dc-58390940de18
    -> 'Published' *- (no change)
  [420/1876] https://nz.trustpilot.com/submitted/review?correlationid=bdc0377d-b60e-4c3b-95b6-f05983a98ee1
    -> 'Published' *- (no change)
  [421/1876] https://nz.trustpilot.com/submitted/review?correlationid=042c5ed8-47a8-4456-8b47-be573417bad4
    -> 'Published' *- (no change)
  [422/1876] https://de.trustpilot.com/submitted/review?correlationid=8222bbb3-e178-49c1-854d-c02b693fc66a
    -> 'Published' *- (no change)
  [423/1876] https://de.trustpilot.com/submitted/review?correlationid=5b83bc25-6ed5-46fd-b601-480cd169d859
    -> 'Published' *- (no change)
  [424/1876] https://nz.trustpilot.com/submitted/review?correlationid=1b4d7dd8-08f1-4505-b1e5-8ee9c2a805fb
    -> 'Published' *- (no change)
  [425/1876] https://uk.trustpilot.com/submitted/review?correlationid=d57a8d29-8619-46c1-8c22-ee6f7628c13c
    -> 'Published' *- (no change)
  [426/1876] https://www.trustpilot.com/submitted/review?correlationid=0c1ec2f0-1cd1-44fd-a968-480064050c20
    -> 'Published' *- (no change)
  [427/1876] https://uk.trustpilot.com/submitted/review?correlationid=7cf3c45f-d60f-4c9e-8437-a17004802859
    -> 'Published' *- (no change)
  [428/1876] https://nz.trustpilot.com/submitted/review?correlationid=a0e0a878-c0a8-4cd1-bd40-acdae605cdff
    -> 'Published' *- (no change)
  [429/1876] https://ca.trustpilot.com/submitted/review?correlationid=c3a75f1e-d5fa-4d5f-a7b7-38695da83176
    -> 'Published' *- (no change)
  [430/1876] https://at.trustpilot.com/submitted/review?correlationid=e6df7446-9e47-4d2f-b06c-d980c9d1b184
    -> 'Published' *- (no change)
  [431/1876] https://www.trustpilot.com/users/67d02e351c03526581048bc4
    -> 'Published' *- (no change)
  [432/1876] https://no.trustpilot.com/submitted/review?correlationid=4de845a9-5844-4615-bd6d-43663e0f60f7
    -> 'Published' *- (no change)
  [433/1876] https://www.trustpilot.com/submitted/review?correlationid=a021a79b-6cb9-492a-b92c-5169995b11da
    -> 'Published' *- (no change)
  [434/1876] https://de.trustpilot.com/submitted/review?correlationid=799031fd-9c9d-4516-a113-ce38c7d5e947
    -> 'Published' *- (no change)
  [435/1876] https://no.trustpilot.com/submitted/review?correlationid=78ecbe1b-9b4a-4baf-b213-f5e63a383cc2
    -> 'Published' *- (no change)
  [436/1876] https://au.trustpilot.com/submitted/review?correlationid=60739718-eabc-4fb8-b644-f018050c0c66
    -> 'Published' *- (no change)
  [437/1876] https://no.trustpilot.com/submitted/review?correlationid=21656e0f-fe74-45df-8bef-196f1e9b66fd
    -> 'Published' *- (no change)
  [438/1876] https://de.trustpilot.com/submitted/review?correlationid=d368ad2a-8c16-4f38-9451-ffd6d21a66ff
    -> 'Published' *- (no change)
  [439/1876] https://au.trustpilot.com/submitted/review?correlationid=09933f94-27a6-4627-96e4-630249ed875a
    -> 'Published' *- (no change)
  [440/1876] https://de.trustpilot.com/submitted/review?correlationid=58ed70f9-ace3-4a95-8a6d-2858a31295fb
    -> 'Published' *- (no change)
  [441/1876] https://nz.trustpilot.com/submitted/review?correlationid=5d32d29f-7de1-4506-b3ca-3e50bdcc9cf5
    -> 'Published' *- (no change)
  [442/1876] https://nz.trustpilot.com/submitted/review?correlationid=a817d7d6-5a64-40d4-8956-65c21d01dc61
    -> 'Published' *- (no change)
  [443/1876] https://ca.trustpilot.com/submitted/review?correlationid=32364056-b2a1-41ec-b539-75ec7bae70bd
    -> 'Published' *- (no change)
  [444/1876] https://au.trustpilot.com/submitted/review?correlationid=86c19cc8-1725-4b16-a3ce-33a0413ae30c
    -> 'Published' *- (no change)
  [445/1876] https://de.trustpilot.com/submitted/review?correlationid=223e2f33-0154-4bc2-9b32-2cfaae8a6351
    -> 'Published' *- (no change)
  [446/1876] https://au.trustpilot.com/submitted/review?correlationid=b63afd78-7f26-4377-b02d-adcdd2edcefc
    -> 'Published' *- (no change)
  [447/1876] https://uk.trustpilot.com/submitted/review?correlationid=5291b613-acb7-412a-a99a-ac01bc1a2c4c
    -> 'Published' *- (no change)
  [448/1876] https://no.trustpilot.com/submitted/review?correlationid=aeda1cec-8a4d-432e-b723-28cee3abec14
    -> 'Published' *- (no change)
  [449/1876] https://nz.trustpilot.com/submitted/review?correlationid=7268ad31-7277-446e-a3f3-051f00a29792
    -> 'Published' *- (no change)
  [450/1876] https://nz.trustpilot.com/submitted/review?correlationid=f59568ed-9e4e-42ac-bf9f-a38d882097a4
    -> 'Published' *- (no change)
  [451/1876] https://nz.trustpilot.com/submitted/review?correlationid=dda62779-4844-4b08-95c3-edc2c40297e2
    -> 'Published' *- (no change)
  [452/1876] https://www.trustpilot.com/users/67da9d679d161f44073fe8e1
    -> 'Published' *- (no change)
  [453/1876] https://dk.trustpilot.com/submitted/review?correlationid=f213bc9f-3620-4a22-987d-489f7f78a34e
    -> 'Published' *- (no change)
  [454/1876] https://no.trustpilot.com/submitted/review?correlationid=0c4f25db-6652-4ccf-8571-7ff2814dbf44
    -> 'Published' *- (no change)
  [455/1876] https://uk.trustpilot.com/submitted/review?correlationid=19a54915-cb49-45ed-8185-480765242224
    -> 'Published' *- (no change)
  [456/1876] https://au.trustpilot.com/submitted/review?correlationid=27b856bb-22e4-4f66-9042-b65a287fa207
    -> 'Published' *- (no change)
  [457/1876] https://au.trustpilot.com/submitted/review?correlationid=2aafc701-5469-4853-b892-cd0761f2c9f7
    -> 'Published' *- (no change)
  [458/1876] https://ca.trustpilot.com/submitted/review?correlationid=fc65a8a6-b939-4fd0-a164-e9114b1eda47
    -> 'Published' *- (no change)
  [459/1876] https://nz.trustpilot.com/submitted/review?correlationid=4d518f97-26b5-4670-9d1d-d659e066e2df
    -> 'Published' *- (no change)
  [460/1876] https://ca.trustpilot.com/submitted/review?correlationid=c910f83e-c12e-411a-835f-d1eee4516798
    -> 'Published' *- (no change)
  [461/1876] https://www.trustpilot.com/submitted/review?correlationid=25676eba-3e2e-44cb-84db-49e04409e364
    -> 'Published' *- (no change)
  [462/1876] https://de.trustpilot.com/submitted/review?correlationid=c5ca0d45-a892-40c8-a480-14e7bc02f3ae
    -> 'Published' *- (no change)
  [463/1876] https://ca.trustpilot.com/submitted/review?correlationid=5a63940e-f543-4382-96ca-8c5141c96e88
    -> 'Published' *- (no change)
  [464/1876] https://ca.trustpilot.com/submitted/review?correlationid=f4f7c97f-e92b-45d7-8f1d-815556db823a
    -> 'Published' *- (no change)
  [465/1876] https://www.trustpilot.com/submitted/review?correlationid=05fca21e-56e9-40ff-8163-32157576d77b
    -> 'Published' *- (no change)
  [466/1876] https://nz.trustpilot.com/submitted/review?correlationid=ecc32261-9b07-41f9-8531-d3c03e53c809
    -> 'Published' *- (no change)
  [467/1876] https://ca.trustpilot.com/users/connect?redirect=%2Fusers%2F67c6fb56400fc1121157057c
    -> 'Published' *- (no change)
  [468/1876] https://au.trustpilot.com/submitted/review?correlationid=5fe110ed-4626-40aa-ba33-01ead1375cb2
    -> 'Published' *- (no change)
  [469/1876] https://de.trustpilot.com/submitted/review?correlationid=cc5d650e-9d32-4991-bfac-1c49702d33fc
    -> 'Published' *- (no change)
  [470/1876] https://de.trustpilot.com/submitted/review?correlationid=a9941399-792b-4c07-8ae4-9a7e45bece0f
    -> 'Published' *- (no change)
  [471/1876] https://www.trustpilot.com/submitted/review?correlationid=4e2f3a92-27f7-460e-aea9-feac3aa70e1c
    -> 'Published' *- (no change)
  [472/1876] https://www.trustpilot.com/submitted/review?correlationid=cab3cf64-2837-4070-8a6a-51afff0b41bf
    -> 'Published' *- (no change)
  [473/1876] https://au.trustpilot.com/submitted/review?correlationid=e34eeaea-d546-4f47-b5a2-041b9f6ad881
    -> 'Published' *- (no change)
  [474/1876] https://de.trustpilot.com/submitted/review?correlationid=3f074bfd-491d-4692-add4-aff9a7845c31
    -> 'Published' *- (no change)
  [475/1876] https://de.trustpilot.com/submitted/review?correlationid=e8816a6c-136a-4df5-977e-8429cebc54a1
    -> 'Published' *- (no change)
  [476/1876] https://www.trustpilot.com/submitted/review?correlationid=c40bc763-34b8-47c3-9e21-a853712fd238
    -> 'Published' *- (no change)
  [477/1876] https://uk.trustpilot.com/submitted/review?correlationid=d4f33cf8-187c-422c-ba8d-a8b917d9dcd4
    -> 'Published' *- (no change)
  [478/1876] https://www.trustpilot.com/submitted/review?correlationid=d62afb89-8c2a-47d0-9c66-8c941a69860e
    -> 'Published' *- (no change)
  [479/1876] https://www.trustpilot.com/submitted/review?correlationid=f160673d-093d-4a90-a85c-14aaa386e163
    -> 'Published' *- (no change)
  [480/1876] https://ca.trustpilot.com/submitted/review?correlationid=ddef66e1-3573-4f95-9f25-b860ac889891
    -> 'Published' *- (no change)
  [481/1876] https://de.trustpilot.com/submitted/review?correlationid=06b2c859-6025-4219-80b3-36db886c30f7
    -> 'Published' *- (no change)
  [482/1876] https://se.trustpilot.com/submitted/review?correlationid=92407942-d587-402d-be13-515c860fd493
    -> 'Published' *- (no change)
  [483/1876] https://se.trustpilot.com/submitted/review?correlationid=3f7d1426-3a25-41c9-bb52-9404e930556a
    -> 'Published' *- (no change)
  [484/1876] https://www.trustpilot.com/submitted/review?correlationid=23130527-c9a4-4636-9cec-21901b58a43c
    -> 'Published' *- (no change)
  [485/1876] https://www.trustpilot.com/submitted/review?correlationid=af13c578-5b6f-4081-8e38-6ff2c2662e33
    -> 'Published' *- (no change)
  [486/1876] https://au.trustpilot.com/submitted/review?correlationid=2151a0fd-a2bd-4a2b-9f84-7df3ded5bfaa
    -> 'Published' *- (no change)
  [487/1876] https://ca.trustpilot.com/submitted/review?correlationid=dfd95d70-b3c1-4f89-b348-d79dd330601d
    -> 'Published' *- (no change)
  [488/1876] https://de.trustpilot.com/submitted/review?correlationid=a33cbcd7-18cb-41e5-a8d7-66c6bc3e9c61
    -> 'Published' *- (no change)
  [489/1876] https://au.trustpilot.com/submitted/review?correlationid=299728df-9cd2-4e98-92cc-6fdacdca859b
    -> 'Done' -> 'Pending' *5 (sheet: ok)
  [490/1876] https://ca.trustpilot.com/submitted/review?correlationid=cb7d16d3-3974-4498-92a2-e25cdb46b4b4
    -> 'Published' *- (no change)
  [491/1876] https://au.trustpilot.com/submitted/review?correlationid=14a1d9f2-4484-40f4-b3bd-2f8df5ff1498
    -> 'Published' *- (no change)
  [492/1876] https://ca.trustpilot.com/submitted/review?correlationid=d436f0b8-7c18-44c9-a2d0-58e4243bcd23
    -> 'Published' *- (no change)
  [493/1876] https://no.trustpilot.com/submitted/review?correlationid=350e6ee8-08bc-456b-a76f-ca05e07f19c5
    -> 'Published' *- (no change)
  [494/1876] https://dk.trustpilot.com/users/68f0e1dc87e69403f82afc01
    -> 'Published' *- (no change)
  [495/1876] https://www.trustpilot.com/submitted/review?correlationid=607af3de-da38-4e3d-a79c-791ff958ff16
    -> 'Published' *- (no change)
  [496/1876] https://www.trustpilot.com/submitted/review?correlationid=8717110e-cf23-420f-a7de-dd2f28f4b45e
    -> 'Published' *- (no change)
  [497/1876] https://uk.trustpilot.com/submitted/review?correlationid=eee490ed-43ba-4bd1-bfa3-66136636717e
    -> 'Published' *- (no change)
  [498/1876] https://www.trustpilot.com/submitted/review?correlationid=413568d8-3439-47b4-8c35-157da876fdb9
    -> 'Published' *- (no change)
  [499/1876] https://www.trustpilot.com/submitted/review?correlationid=abcc9ab9-7797-4e6d-8698-3924adbd927d
    -> 'Published' *- (no change)
  [500/1876] https://au.trustpilot.com/submitted/review?correlationid=5556385d-1ff5-4ae7-b354-1cb3f93aef52
    -> 'Published' *- (no change)
  [501/1876] https://no.trustpilot.com/submitted/review?correlationid=543fd4c7-2a80-473d-a5b8-cde12935a1b0
    -> 'Published' *- (no change)
  [502/1876] https://uk.trustpilot.com/submitted/review?correlationid=cd52c4b3-a970-4ae7-a346-7f4bc3dd2165
    -> 'Published' *- (no change)
  [503/1876] https://au.trustpilot.com/submitted/review?correlationid=c7d6b659-0190-4cc1-801f-0e071f6dedf7
    -> 'Published' *- (no change)
  [504/1876] https://de.trustpilot.com/submitted/review?correlationid=564f4667-08ad-4e33-a0eb-d3db8fb0bb3a
    -> 'Published' *- (no change)
  [505/1876] https://au.trustpilot.com/submitted/review?correlationid=eb0225ff-777a-4274-9c23-8ec6e57e3650
    -> 'Published' *- (no change)
  [506/1876] https://no.trustpilot.com/submitted/review?correlationid=0031677f-9958-4c99-9152-f9880a07f1bc
    -> 'Published' *- (no change)
  [507/1876] https://no.trustpilot.com/submitted/review?correlationid=28474f2a-2182-4493-a08c-6ff53dfc4e50
    -> 'Published' *- (no change)
  [508/1876] https://uk.trustpilot.com/submitted/review?correlationid=1c22c669-8263-458d-8190-9393e46a5b1e
    -> 'Published' *- (no change)
  [509/1876] https://nz.trustpilot.com/submitted/review?correlationid=45913fba-e60c-4c79-acd0-7c71fb992670
    -> 'Published' *- (no change)
  [510/1876] https://de.trustpilot.com/submitted/review?correlationid=b7dd2e3f-e51c-4f51-bb9f-014e16d0b227
    -> 'Published' *- (no change)
  [511/1876] https://ca.trustpilot.com/submitted/review?correlationid=dc629c5e-09be-4462-a72a-dcc1079fc8b5
    -> 'Published' *- (no change)
  [512/1876] https://au.trustpilot.com/submitted/review?correlationid=1562a835-3f3d-49bb-9852-6edb29af9f39
    -> 'Published' *- (no change)
  [513/1876] https://nz.trustpilot.com/submitted/review?correlationid=69d01561-5d59-49f7-a529-db076b018e50
    -> 'Published' *- (no change)
  [514/1876] https://www.trustpilot.com/submitted/review?correlationid=a1909bab-20b9-43fd-a233-2bad322ea572
    -> 'Published' *- (no change)
  [515/1876] https://nz.trustpilot.com/submitted/review?correlationid=b8628bd0-33c6-48ca-9623-4cb299dedd76
    -> 'Published' *- (no change)
  [516/1876] https://de.trustpilot.com/submitted/review?correlationid=93ba8932-ca58-4116-b240-046d2be7b378
    -> 'Published' *- (no change)
  [517/1876] https://it.trustpilot.com/submitted/review?correlationid=939d5182-5390-4219-91a7-fd0b3c67e46c
    -> 'Published' *- (no change)
  [518/1876] https://ca.trustpilot.com/submitted/review?correlationid=d938fbb8-9a70-4154-bf20-bfc03eb09cc4
    -> 'Published' *- (no change)
  [519/1876] https://de.trustpilot.com/submitted/review?correlationid=fcee76d2-7c98-4da3-b1f7-0f1374caa4d9
    -> 'Published' *- (no change)
  [520/1876] https://ca.trustpilot.com/users/67b5d34af67b7a37d9151504
    -> 'Published' *- (no change)
  [521/1876] https://www.trustpilot.com/submitted/review?correlationid=1603c764-d06a-4a63-8e88-5abdd21a1eb8
    -> 'Published' *- (no change)
  [522/1876] https://de.trustpilot.com/submitted/review?correlationid=baf265ff-1a0e-47c9-8b2a-bf846057b8d6
    -> 'Done' -> 'Pending' *5 (sheet: ok)
  [523/1876] https://nz.trustpilot.com/submitted/review?correlationid=6c2aa022-84cb-4ac7-8632-d8d9ec546157
    -> 'Published' *- (no change)
  [524/1876] https://no.trustpilot.com/submitted/review?correlationid=346a645e-38af-4819-ac70-3e25166aa91d
    -> 'Published' *- (no change)
  [525/1876] https://ca.trustpilot.com/submitted/review?correlationid=239aea21-596c-4ddc-80c7-b6e984aa0e7d
    -> 'Published' *- (no change)
  [526/1876] https://at.trustpilot.com/submitted/review?correlationid=2cbc4040-a788-4c84-9282-3325c72bcf98
    -> 'Published' *- (no change)
  [527/1876] https://ca.trustpilot.com/submitted/review?correlationid=387a604f-ddd6-420f-87a2-2553da8c9aad
    -> 'Published' *- (no change)
  [528/1876] https://no.trustpilot.com/submitted/review?correlationid=92358f8a-08b6-4de1-80a9-7e1546a279ce
    -> 'Published' *- (no change)
  [529/1876] https://de.trustpilot.com/submitted/review?correlationid=fa97101b-b078-4cad-a4a5-d702baabbd5a
    -> 'Published' *- (no change)
  [530/1876] https://www.trustpilot.com/submitted/review?correlationid=70e26752-feb3-4a33-8a01-9c48bf1794f8
    -> 'Published' *- (no change)
  [531/1876] https://de.trustpilot.com/submitted/review?correlationid=4185c9b0-835b-4ece-bd94-180c64c14798
    -> 'Published' *- (no change)
  [532/1876] https://no.trustpilot.com/submitted/review?correlationid=2d8cfdb3-6219-4eef-8bdc-460096975f6d
    -> 'Published' *- (no change)
  [533/1876] https://dk.trustpilot.com/submitted/review?correlationid=8f20551a-a129-4110-930c-c84d641371d5
    -> 'Published' *- (no change)
  [534/1876] https://dk.trustpilot.com/submitted/review?correlationid=c40354f3-bc50-462d-a01c-81a86de879bf
    -> 'Published' *- (no change)
  [535/1876] https://uk.trustpilot.com/submitted/review?correlationid=f5ea3e81-b20d-4971-804f-1dc7d1dc32f0
    -> 'Published' *- (no change)
  [536/1876] https://de.trustpilot.com/submitted/review?correlationid=5c928d78-ed33-4e0f-b8fd-7ef5423d42da
    -> 'Published' *- (no change)
  [537/1876] https://www.trustpilot.com/submitted/review?correlationid=769c0673-ec8a-4725-ab3f-99fe5d09f3a3
    -> 'Published' *- (no change)
  [538/1876] https://nz.trustpilot.com/submitted/review?correlationid=068bcee8-ede2-4122-a412-03f519d70320
    -> 'Published' *- (no change)
  [539/1876] https://no.trustpilot.com/submitted/review?correlationid=4f8529b0-57dc-4a4a-8855-7514454df2d6
    -> 'Published' *- (no change)
  [540/1876] https://au.trustpilot.com/submitted/review?correlationid=1ffb7f1a-3394-4ecc-93c9-2aaa3bd08b09
    -> 'Published' *- (no change)
  [541/1876] https://uk.trustpilot.com/submitted/review?correlationid=bf49cd4e-8f19-4350-9dc7-f5952c74575c
    -> 'Published' *- (no change)
  [542/1876] https://ca.trustpilot.com/submitted/review?correlationid=3e89b963-7168-442e-8d11-21df81407b85
    -> 'Published' *- (no change)
  [543/1876] https://de.trustpilot.com/submitted/review?correlationid=ae1aa3a3-07d0-46ca-a720-e70a8d0f6513
    -> 'Published' *- (no change)
  [544/1876] https://de.trustpilot.com/submitted/review?correlationid=96db43f5-5038-466b-a4e3-d00838a10fda
    -> 'Published' *- (no change)
  [545/1876] https://au.trustpilot.com/submitted/review?correlationid=63c8dd46-9c9f-4add-b899-a35e7551ba40
    -> 'Published' *- (no change)
  [546/1876] https://au.trustpilot.com/submitted/review?correlationid=cda985f5-798f-48bd-8fbd-26d07537fb18
    -> 'Published' *- (no change)
  [547/1876] https://nz.trustpilot.com/submitted/review?correlationid=c1deb6dd-de16-41a4-9cf7-d96f02312ab8
    -> 'Published' *- (no change)
  [548/1876] https://au.trustpilot.com/submitted/review?correlationid=8018d1ed-b29b-4619-8789-b08f310814a6
    -> 'Published' *- (no change)
  [549/1876] https://www.trustpilot.com/users/67fcdebc83edc0fcf85e5798
    -> 'Published' *- (no change)
  [550/1876] https://uk.trustpilot.com/submitted/review?correlationid=f8f7f23d-9d46-42bf-a8f2-ea9cd6c340d8
    -> 'Published' *- (no change)
  [551/1876] https://nz.trustpilot.com/submitted/review?correlationid=ade056a0-ca9a-4c26-8532-b965313a9932
    -> 'Published' *- (no change)
  [552/1876] https://de.trustpilot.com/submitted/review?correlationid=600d4a16-940e-4720-bd4e-0adbaef18cc0
    -> 'Published' *- (no change)
  [553/1876] https://nz.trustpilot.com/submitted/review?correlationid=91f6f20c-fefc-481f-b542-becf6e0216fd
    -> 'Published' *- (no change)
  [554/1876] https://uk.trustpilot.com/submitted/review?correlationid=55e5ef67-578a-414d-8431-496bdaa10db7
    -> 'Published' *- (no change)
  [555/1876] https://de.trustpilot.com/submitted/review?correlationid=f6d4f82f-10c2-437b-a972-d713d631bdce
    -> 'Published' *- (no change)
  [556/1876] https://www.trustpilot.com/submitted/review?correlationid=99876831-dd2e-411b-8719-f93e8e99fb22
    -> 'Published' *- (no change)
  [557/1876] https://at.trustpilot.com/submitted/review?correlationid=cae10603-6401-415d-ba7c-e59e48fdf249
    -> 'Published' *- (no change)
  [558/1876] https://www.trustpilot.com/users/67e165180ee3f639368aa1fb
    -> 'Published' *- (no change)
  [559/1876] https://nz.trustpilot.com/submitted/review?correlationid=49885b61-78ed-4a20-960d-c277d63eae3f
    -> 'Published' *- (no change)
  [560/1876] https://www.trustpilot.com/submitted/review?correlationid=589673b9-abf5-4001-b0a6-eccafa27ea8f
    -> 'Published' *- (no change)
  [561/1876] https://ca.trustpilot.com/submitted/review?correlationid=905f68a2-ffa7-4da0-8df7-58ed484c4ced
    -> 'Published' *- (no change)
  [562/1876] https://www.trustpilot.com/submitted/review?correlationid=85dcca4e-792c-4442-9489-0e0c8e3607a1
    -> 'Published' *- (no change)
  [563/1876] https://ca.trustpilot.com/submitted/review?correlationid=08e28a07-0639-48e7-9d11-0e6ce1e47e5f
    -> 'Published' *- (no change)
  [564/1876] https://nz.trustpilot.com/submitted/review?correlationid=7abcdecb-f3d6-43ec-b849-969c086d7a46
    -> 'Published' *- (no change)
  [565/1876] https://uk.trustpilot.com/submitted/review?correlationid=d9369722-7b10-4aff-a95a-5a7bb068890c
    -> 'Published' *- (no change)
  [566/1876] https://www.trustpilot.com/submitted/review?correlationid=b3a1e6b3-1237-4c06-98d0-93518bde0d1a
    -> 'Published' *- (no change)
  [567/1876] https://ca.trustpilot.com/submitted/review?correlationid=8e2ba962-0dd0-452e-9716-ee5ce2f31587
    -> 'Published' *- (no change)
  [568/1876] https://uk.trustpilot.com/submitted/review?correlationid=213b8a85-708d-4e3e-aea4-0248f5f5f0e6
    -> 'Published' *- (no change)
  [569/1876] https://ca.trustpilot.com/submitted/review?correlationid=e6aaaa25-5902-4080-b010-9cfe8b82b23c
    -> 'Published' *- (no change)
  [570/1876] https://de.trustpilot.com/submitted/review?correlationid=bd2b8a93-4697-4018-87f5-b62e68061383
    -> 'Published' *- (no change)
  [571/1876] https://no.trustpilot.com/submitted/review?correlationid=87098e2a-f457-44f7-9a64-5d44cfd28362
    -> 'Published' *- (no change)
  [572/1876] https://nz.trustpilot.com/submitted/review?correlationid=f17d7d59-35a0-4fb2-83cd-4e861b3a722a
    -> 'Published' *- (no change)
  [573/1876] https://www.trustpilot.com/submitted/review?correlationid=c1dcc821-5895-4deb-a6cf-61397e544127
    -> 'Published' *- (no change)
  [574/1876] https://au.trustpilot.com/submitted/review?correlationid=44d3255d-935a-41ef-9048-ac1fb06d3064
    -> 'Published' *- (no change)
  [575/1876] https://nz.trustpilot.com/submitted/review?correlationid=42a25fec-884e-4415-ba8c-1f29e3887905
    -> 'Published' *- (no change)
  [576/1876] https://uk.trustpilot.com/submitted/review?correlationid=0b04e6fc-6b7a-4d58-b527-bcb89130a6ee
    -> 'Published' *- (no change)
  [577/1876] https://nz.trustpilot.com/submitted/review?correlationid=e3f04ce5-4bfc-46a6-aea4-e2dedc7c3d18
    -> 'Published' *- (no change)
  [578/1876] https://www.trustpilot.com/submitted/review?correlationid=5ee150ee-44b7-4aa1-85d7-b03c7d5129ae
    -> 'Published' *- (no change)
  [579/1876] https://ca.trustpilot.com/submitted/review?correlationid=32ef99ad-7c51-47a7-9ceb-4f95bb88518f
    -> 'Published' *- (no change)
  [580/1876] https://www.trustpilot.com/submitted/review?correlationid=65c2e0b3-e7c4-4831-b173-6e00b0ee1745
    -> 'Published' *- (no change)
  [581/1876] https://no.trustpilot.com/submitted/review?correlationid=84509399-92b5-4722-8844-8b3544cfd5ec
    -> 'Published' *- (no change)
  [582/1876] https://www.trustpilot.com/submitted/review?correlationid=5101d5ed-d748-4712-b5e4-3526ae4bfab8
    -> 'Published' *- (no change)
  [583/1876] https://nz.trustpilot.com/submitted/review?correlationid=86678d7e-efef-4774-bf15-fbc47b0613d2
    -> 'Published' *- (no change)
  [584/1876] https://ca.trustpilot.com/submitted/review?correlationid=e9d528a2-599c-4481-a34d-60554c0b6fdb
    -> 'Published' *- (no change)
  [585/1876] https://de.trustpilot.com/submitted/review?correlationid=01694c94-0e53-4d87-910e-70d76d6b4d90
    -> 'Published' *- (no change)
  [586/1876] https://www.trustpilot.com/submitted/review?correlationid=ef2604b2-b54b-4ba2-8bb9-af6e23c40789
    -> 'Published' *- (no change)
  [587/1876] https://www.trustpilot.com/submitted/review?correlationid=7cee0dcc-975d-4a29-b198-4d82018cb1d7
    -> 'Published' *- (no change)
  [588/1876] https://nz.trustpilot.com/submitted/review?correlationid=d67a297e-3b0b-4596-9d53-b9ea90c4063f
    -> 'Published' *- (no change)
  [589/1876] https://nz.trustpilot.com/submitted/review?correlationid=132d8450-7c99-4414-a7cd-4c4f53c364cc
    -> 'Published' *- (no change)
  [590/1876] https://au.trustpilot.com/submitted/review?correlationid=0402a794-f16b-41b7-aa1f-5c4019fb0479
    -> 'Published' *- (no change)
  [591/1876] https://de.trustpilot.com/submitted/review?correlationid=5f4a29c0-2083-4c63-b845-d20c8a682c58
    -> 'Published' *- (no change)
  [592/1876] https://www.trustpilot.com/submitted/review?correlationid=4fda3fdc-1c0b-4638-b69a-d6a15b125d0a
    -> 'Published' *- (no change)
  [593/1876] https://no.trustpilot.com/submitted/review?correlationid=4711dc8d-35b1-4aa7-b576-0af60fafd7f0
    -> 'Published' *- (no change)
  [594/1876] https://de.trustpilot.com/submitted/review?correlationid=d4346c08-0c50-4fa6-ba51-79c6995f5f9e
    -> 'Published' *- (no change)
  [595/1876] https://ca.trustpilot.com/submitted/review?correlationid=85150435-0970-4caf-b949-efa54684a61c
    -> 'Published' *- (no change)
  [596/1876] https://de.trustpilot.com/submitted/review?correlationid=cf9e8a72-22d6-4941-9d11-571a5d56893a
    -> 'Published' *- (no change)
  [597/1876] https://ca.trustpilot.com/submitted/review?correlationid=de72ec20-2574-4d49-ba0e-e3da44413aa8
    -> 'Published' *- (no change)
  [598/1876] https://de.trustpilot.com/submitted/review?correlationid=a07177d2-cb0e-4c17-bac5-14cae1e8a2f3
    -> 'Published' *- (no change)
  [599/1876] https://www.trustpilot.com/users/67e162902ec5521798315339
    -> 'Published' *- (no change)
  [600/1876] https://nz.trustpilot.com/submitted/review?correlationid=c5982c03-0165-4e2e-bf3e-184e18aaa81f
    -> 'Published' *- (no change)
  [601/1876] https://ca.trustpilot.com/submitted/review?correlationid=df140421-249f-4c61-80d4-749ca9379115
    -> 'Published' *- (no change)
  [602/1876] https://www.trustpilot.com/submitted/review?correlationid=3503a8e1-f446-4565-9aaa-6ce18ebd1f12
    -> 'Published' *- (no change)
  [603/1876] https://nz.trustpilot.com/submitted/review?correlationid=fb2d861f-88af-405e-8042-4dc717d34228
    -> 'Published' *- (no change)
  [604/1876] https://de.trustpilot.com/submitted/review?correlationid=5902ff7b-9b6f-4a8a-83ef-2a8e14f8f5d8
    -> 'Published' *- (no change)
  [605/1876] https://uk.trustpilot.com/submitted/review?correlationid=10a05db0-172a-45f3-b57e-14c64069caa4
    -> 'Published' *- (no change)
  [606/1876] https://no.trustpilot.com/submitted/review?correlationid=8b1d8dde-25c2-45f4-8b3e-207dbfb525de
    -> 'Published' *- (no change)
  [607/1876] https://www.trustpilot.com/submitted/review?correlationid=185cdca0-4d5a-4c0a-9840-07144bbed0bf
    -> 'Published' *- (no change)
  [608/1876] https://au.trustpilot.com/submitted/review?correlationid=6e92606c-2687-49d2-bf1d-cb9daf76af59
    -> 'Published' *- (no change)
  [609/1876] https://nz.trustpilot.com/submitted/review?correlationid=8f63b94f-2e09-40b8-b690-c81f4d174323
    -> 'Published' *- (no change)
  [610/1876] https://au.trustpilot.com/submitted/review?correlationid=62a6fea1-4e5c-4a72-a06d-5a419c8ad0c0
    -> 'Published' *- (no change)
  [611/1876] https://au.trustpilot.com/submitted/review?correlationid=c9872242-ef77-4c8c-bb4d-3e1463aeb0d3
    -> 'Published' *- (no change)
  [612/1876] https://de.trustpilot.com/submitted/review?correlationid=cdc833af-112f-482c-bc44-1663b270556e
    -> 'Published' *- (no change)
  [613/1876] https://uk.trustpilot.com/submitted/review?correlationid=2a4a50b3-742d-4639-a8be-486a95501f9b
    -> 'Published' *- (no change)
  [614/1876] https://ca.trustpilot.com/submitted/review?correlationid=faf5b9a5-55ad-4574-b758-354868bbe398
    -> 'Published' *- (no change)
  [615/1876] https://it.trustpilot.com/submitted/review?correlationid=30b08837-585d-47d2-a9b8-86cb6f00a31d
    -> 'Published' *- (no change)
  [616/1876] https://nz.trustpilot.com/submitted/review?correlationid=7fe598ba-260d-437b-a5f7-118fe117dc7f
    -> 'Published' *- (no change)
  [617/1876] https://nz.trustpilot.com/submitted/review?correlationid=37508e58-25b8-47b6-91f8-12f9fedf88d0
    -> 'Published' *- (no change)
  [618/1876] https://nz.trustpilot.com/submitted/review?correlationid=c9b28ff5-9651-4069-987b-4c0f53ed4c12
    -> 'Published' *- (no change)
  [619/1876] https://au.trustpilot.com/submitted/review?correlationid=8131ed31-3bfb-4f52-9e6a-38abfe7791a4
    -> 'Published' *- (no change)
  [620/1876] https://au.trustpilot.com/submitted/review?correlationid=843f06a5-20df-415a-937f-db5fd293c9db
    -> 'Published' *- (no change)
  [621/1876] https://www.trustpilot.com/submitted/review?correlationid=2fc33189-09ff-4d13-aef1-895930f6ee0f
    -> 'Published' *- (no change)
  [622/1876] https://nl.trustpilot.com/submitted/review?correlationid=d7d6faf6-51e1-495b-835c-c38dbb24de74
    -> 'Published' *- (no change)
  [623/1876] https://dk.trustpilot.com/submitted/review?correlationid=89913bb9-7d96-41dc-b6f8-4e358d0c268c
    -> 'Published' *- (no change)
  [624/1876] https://ca.trustpilot.com/submitted/review?correlationid=ddef66e1-3573-4f95-9f25-b860ac889891
    -> 'Published' *- (no change)
  [625/1876] https://de.trustpilot.com/submitted/review?correlationid=8de3de3b-2f3e-4b44-a171-a54149d7674a
    -> 'Published' *- (no change)
  [626/1876] https://de.trustpilot.com/submitted/review?correlationid=2e51904c-bdd1-438b-8dd8-dff1d6f1428e
    -> 'Published' *- (no change)
  [627/1876] https://at.trustpilot.com/submitted/review?correlationid=1645224c-92ab-4e75-8aec-d1bafdfe39bb
    -> 'Published' *- (no change)
  [628/1876] https://it.trustpilot.com/submitted/review?correlationid=7ff692dd-9b90-4eee-9e90-9633056875b2
    -> 'Published' *- (no change)
  [629/1876] https://de.trustpilot.com/submitted/review?correlationid=10e05a2b-b6ab-4a3e-8c6f-ddaa72d30461
    -> 'Published' *- (no change)
  [630/1876] https://www.trustpilot.com/submitted/review?correlationid=7a4aaca0-8a08-4165-94fc-c53c51d06839
    -> 'Published' *- (no change)
  [631/1876] https://nz.trustpilot.com/submitted/review?correlationid=7206a87f-fe42-424b-b347-3be135d991a6
    -> 'Published' *- (no change)
  [632/1876] https://nz.trustpilot.com/submitted/review?correlationid=44e5e59a-9847-4d96-a371-783c43863655
    -> 'Published' *- (no change)
  [633/1876] https://ca.trustpilot.com/submitted/review?correlationid=78e8d1c7-3404-45b5-b20f-9b53284cee9c
    -> 'Published' *- (no change)
  [634/1876] https://de.trustpilot.com/submitted/review?correlationid=ac276e97-f3d8-42c4-83ef-6f516fb07b22
    -> 'Published' *- (no change)
  [635/1876] https://no.trustpilot.com/submitted/review?correlationid=ec440927-cc21-43d5-a290-8ad3e33f6eb6
    -> 'Published' *- (no change)
  [636/1876] https://ca.trustpilot.com/users/connect?redirect=%2Fusers%2F67c6fe85d777aa9c4e4531a4
    -> 'Published' *- (no change)
  [637/1876] https://uk.trustpilot.com/submitted/review?correlationid=f2a9a305-74dd-43f4-a934-17f96417eba1
    -> 'Published' *- (no change)
  [638/1876] https://no.trustpilot.com/submitted/review?correlationid=4f3d848a-b6f9-4be6-b6a6-17fd50981d9f
    -> 'Published' *- (no change)
  [639/1876] https://nz.trustpilot.com/submitted/review?correlationid=9538bdc4-9c05-41b6-bd51-ec40fc5a06f0
    -> 'Published' *- (no change)
  [640/1876] https://de.trustpilot.com/submitted/review?correlationid=8f584757-0065-401a-b7a5-ce48be849db4
    -> 'Published' *- (no change)
  [641/1876] https://ca.trustpilot.com/submitted/review?correlationid=435700df-71ff-442f-a1f3-83b88859a71c
    -> 'Published' -> 'Removed' *5 (sheet: ok)
  [642/1876] https://ca.trustpilot.com/submitted/review?correlationid=3018ce0a-0878-48d0-a45d-5173968a23c2
    -> 'Published' *- (no change)
  [643/1876] https://au.trustpilot.com/submitted/review?correlationid=507c940d-9df2-4ed1-acd2-ea1483773598
    -> 'Published' *- (no change)
  [644/1876] https://no.trustpilot.com/submitted/review?correlationid=d1198f7b-796b-4fcb-a882-9da432b2a47f
    -> 'Published' *- (no change)
  [645/1876] https://de.trustpilot.com/submitted/review?correlationid=a94762d3-5750-4402-a2b6-6a729eeeee22
    -> 'Published' *- (no change)
  [646/1876] https://de.trustpilot.com/submitted/review?correlationid=127d622e-5491-40a4-9138-f7ef4614de4a
    -> 'Published' *- (no change)
  [647/1876] https://uk.trustpilot.com/submitted/review?correlationid=67415705-5f78-4f30-ac0d-9457ec8bc314
    -> 'Published' *- (no change)
  [648/1876] https://www.trustpilot.com/users/67c8194b21c5ab70295d50f4
    -> 'Published' *- (no change)
  [649/1876] https://nz.trustpilot.com/submitted/review?correlationid=989bddb9-ed32-4e1e-a542-3e3a161ae7ea
    -> 'Published' *- (no change)
  [650/1876] https://au.trustpilot.com/submitted/review?correlationid=c0502c0c-2006-4ba2-8320-57d053c8f67b
    -> 'Published' *- (no change)
  [651/1876] https://nz.trustpilot.com/submitted/review?correlationid=d1b1cda4-fc95-4c2e-897f-d1a150411064
    -> 'Published' *- (no change)
  [652/1876] https://ca.trustpilot.com/submitted/review?correlationid=6b251c2c-6caf-4232-9e91-773b414b012e
    -> 'Published' *- (no change)
  [653/1876] https://de.trustpilot.com/submitted/review?correlationid=2bbd6814-7574-428b-827f-ac89b0f2eaf4
    -> 'Published' *- (no change)
  [654/1876] https://www.trustpilot.com/submitted/review?correlationid=8f0c6a56-bcf7-4bca-a5dd-a423f5f25d43
    -> 'Published' *- (no change)
  [655/1876] https://de.trustpilot.com/submitted/review?correlationid=1d89873b-4da2-45be-b148-aebbc0ddd8b2
    -> 'Published' *- (no change)
  [656/1876] https://uk.trustpilot.com/submitted/review?correlationid=632c446e-0331-4fa8-80a9-ff0b59b8f83e
    -> 'Published' *- (no change)
  [657/1876] https://au.trustpilot.com/submitted/review?correlationid=98a3c61f-50ab-4bc8-a3f5-6a634c48a50e
    -> 'Published' *- (no change)
  [658/1876] https://nz.trustpilot.com/submitted/review?correlationid=fd9a445f-5af5-4092-9c9d-dd33db6f27e7
    -> 'Published' *- (no change)
  [659/1876] https://no.trustpilot.com/submitted/review?correlationid=be19e270-67d9-4dc2-b7bc-4bba8fdfb885
    -> 'Published' *- (no change)
  [660/1876] https://no.trustpilot.com/submitted/review?correlationid=899d5ffc-b803-4460-a4d0-b05c2c642d2e
    -> 'Published' *- (no change)
  [661/1876] https://de.trustpilot.com/submitted/review?correlationid=34dab62d-7325-45d9-85a3-8be32655ab54
    -> 'Published' *- (no change)
  [662/1876] https://nz.trustpilot.com/submitted/review?correlationid=3df4035a-8e83-43e6-8ac3-81c7699ab3ad
    -> 'Published' *- (no change)
  [663/1876] https://au.trustpilot.com/submitted/review?correlationid=43295bc7-4a78-4406-909f-18ab0b1b69c9
    -> 'Published' *- (no change)
  [664/1876] https://de.trustpilot.com/submitted/review?correlationid=f2c65ccb-3980-492f-a2a3-3277416c83af
    -> 'Published' -> 'Removed' *4 (sheet: ok)
  [665/1876] https://www.trustpilot.com/submitted/review?correlationid=f65afbdd-5bf9-486b-a464-53a6a3172e1a
    -> 'Published' *- (no change)
  [666/1876] https://se.trustpilot.com/submitted/review?correlationid=be0dd596-44c1-4d25-a5f0-0dc619a837e2
    -> 'Published' *- (no change)
  [667/1876] https://de.trustpilot.com/submitted/review?correlationid=f9169025-1956-46e5-8c7e-bba94b6ac4fd
    -> 'Published' *- (no change)
  [668/1876] https://nz.trustpilot.com/submitted/review?correlationid=977fef91-f57b-45a3-bd25-431d4de83eae
    -> 'Published' *- (no change)
  [669/1876] https://nz.trustpilot.com/submitted/review?correlationid=075823ba-2294-419e-8b26-3c650e914d82
    -> 'Published' *- (no change)
  [670/1876] https://de.trustpilot.com/submitted/review?correlationid=9c534197-50a4-43df-8d02-2d77e2e9f499
    -> 'Published' *- (no change)
  [671/1876] https://www.trustpilot.com/submitted/review?correlationid=db3c6a74-5a48-43b4-be7d-225566e0fe77
    -> 'Published' *- (no change)
  [672/1876] https://uk.trustpilot.com/submitted/review?correlationid=507aa8c0-3220-42d5-82fd-b1e5a4e7d3fd
    -> 'Published' *- (no change)
  [673/1876] https://ca.trustpilot.com/submitted/review?correlationid=ee507d99-b411-4e8c-9029-2ef3d66bb351
    -> 'Published' *- (no change)
  [674/1876] https://de.trustpilot.com/submitted/review?correlationid=ae4d069f-2081-482b-971a-e29b7e41cb76
    -> 'Published' *- (no change)
  [675/1876] https://au.trustpilot.com/submitted/review?correlationid=aeddcaf3-f590-48b3-b5e2-3e9a6a57b18a
    -> 'Published' *- (no change)
  [676/1876] https://nz.trustpilot.com/submitted/review?correlationid=e72669f9-6fd9-48a4-939a-90719e7865c5
    -> 'Published' *- (no change)
  [677/1876] https://de.trustpilot.com/submitted/review?correlationid=983b51f3-9a3e-487a-937e-ca632d54c54b
    -> 'Published' *- (no change)
  [678/1876] https://it.trustpilot.com/submitted/review?correlationid=b9943ea2-b22e-4a11-af58-6057c6201b95
    -> 'Published' *- (no change)
  [679/1876] https://www.trustpilot.com/submitted/review?correlationid=58d19ba9-67a7-4081-98b9-a1c2c40686fa
    -> 'Published' *- (no change)
  [680/1876] https://ca.trustpilot.com/users/67d4293559be0422f29134cb
    -> 'Published' *- (no change)
  [681/1876] https://au.trustpilot.com/submitted/review?correlationid=373de74e-c147-4928-9df5-796c39de2c09
    -> 'Published' *- (no change)
  [682/1876] https://ca.trustpilot.com/submitted/review?correlationid=08d2107e-68fb-4279-a354-92bb4c31321c
    -> 'Published' *- (no change)
  [683/1876] https://au.trustpilot.com/submitted/review?correlationid=21d1f1b0-3939-4f00-a7e0-ee3dfac32a70
    -> 'Published' *- (no change)
  [684/1876] https://www.trustpilot.com/submitted/review?correlationid=17293922-2b21-4931-a0fc-b5bd304046fc
    -> 'Published' *- (no change)
  [685/1876] https://nz.trustpilot.com/submitted/review?correlationid=a8890b00-9bf0-4702-ac28-7e41ee4eae3b
    -> 'Published' *- (no change)
  [686/1876] https://de.trustpilot.com/submitted/review?correlationid=e2e3f063-7655-4ff1-a865-a02313c8f259
    -> 'Published' *- (no change)
  [687/1876] https://ca.trustpilot.com/submitted/review?correlationid=9d352e46-55b5-4d34-a089-8cfeb88d948f
    -> 'Published' *- (no change)
  [688/1876] https://au.trustpilot.com/submitted/review?correlationid=e6e19110-92ee-4246-a070-6d9bcb2abc08
    -> 'Published' -> 'Removed' *5 (sheet: ok)
  [689/1876] https://uk.trustpilot.com/submitted/review?correlationid=8af9b603-ad56-49a8-9747-ec5d65355a70
    -> 'Published' *- (no change)
  [690/1876] https://nz.trustpilot.com/submitted/review?correlationid=cb209cc2-dc21-4879-87d9-301942638ea9
    -> 'Published' *- (no change)
  [691/1876] https://au.trustpilot.com/submitted/review?correlationid=61db7b83-78a0-45d5-9cd3-99f7735f0f35
    -> 'Published' *- (no change)
  [692/1876] https://ca.trustpilot.com/submitted/review?correlationid=f640434b-0408-4ea1-a751-06c76c988ab9
    -> 'Published' *- (no change)
  [693/1876] https://de.trustpilot.com/submitted/review?correlationid=78a9c511-647b-4b79-acf7-45eea6c3e537
    -> 'Published' *- (no change)
  [694/1876] https://ca.trustpilot.com/users/67c03a7fe3269c9ae98fe8b0
    -> 'Published' *- (no change)
  [695/1876] https://uk.trustpilot.com/submitted/review?correlationid=a69a92cd-783a-458a-9c6e-9f71f0daaac7
    -> 'Published' *- (no change)
  [696/1876] https://it.trustpilot.com/submitted/review?correlationid=0c28401d-a3df-414c-91ec-cc38d0eb38e6
    -> 'Published' *- (no change)
  [697/1876] https://no.trustpilot.com/submitted/review?correlationid=8b6013fd-d565-44ed-a713-cb5f9b98ca9d
    -> 'Published' *- (no change)
  [698/1876] https://de.trustpilot.com/submitted/review?correlationid=1c964474-a06e-4e66-8b6d-fbc61ab431f1
    -> 'Published' *- (no change)
  [699/1876] https://de.trustpilot.com/submitted/review?correlationid=c9c94cc2-0cca-410a-a8ac-337450a488de
    -> 'Published' *- (no change)
  [700/1876] https://de.trustpilot.com/submitted/review?correlationid=aaf2609c-2164-4bf9-aa4a-8a692365dee8
    -> 'Published' *- (no change)
  [701/1876] https://uk.trustpilot.com/submitted/review?correlationid=71ba99f6-f835-474a-a9e5-2855b8cc063d
    -> 'Published' *- (no change)
  [702/1876] https://www.trustpilot.com/users/67c19a1e89af2ba31fb927d2
    -> 'Published' *- (no change)
  [703/1876] https://ca.trustpilot.com/submitted/review?correlationid=d0a709c2-99ab-4a66-b639-ec5497c8e8c7
    -> 'Published' *- (no change)
  [704/1876] https://de.trustpilot.com/submitted/review?correlationid=016e4128-2b68-482b-877d-90c58638bf17
    -> 'Published' *- (no change)
  [705/1876] https://au.trustpilot.com/submitted/review?correlationid=1c38953d-bc09-4558-99bd-348a95ad1257
    -> 'Published' *- (no change)
  [706/1876] https://no.trustpilot.com/submitted/review?correlationid=0f03be49-02e7-4519-9b43-70cefef28301
    -> 'Published' *- (no change)
  [707/1876] https://nz.trustpilot.com/submitted/review?correlationid=c689a1b4-2bc0-4574-b50f-2ebbe689d1bf
    -> 'Published' *- (no change)
  [708/1876] https://www.trustpilot.com/submitted/review?correlationid=6739e137-5430-403e-bbee-04873f6d4392
    -> 'Published' *- (no change)
  [709/1876] https://ca.trustpilot.com/submitted/review?correlationid=439556d6-ea91-41a5-a453-776da0783be5
    -> 'Published' *- (no change)
  [710/1876] https://nz.trustpilot.com/submitted/review?correlationid=cbd3daa8-193d-471c-89f8-088ea9ef8e4e
    -> 'Published' *- (no change)
  [711/1876] https://de.trustpilot.com/submitted/review?correlationid=94144fa6-2f90-40c2-b1e2-dfb6f9caf064
    -> 'Published' *- (no change)
  [712/1876] https://uk.trustpilot.com/submitted/review?correlationid=65500f4f-b6db-4b7a-bcae-3aad0e6d345f
    -> 'Published' *- (no change)
  [713/1876] https://nz.trustpilot.com/submitted/review?correlationid=20e70099-0223-4640-8e3e-8dd63d73f0d5
    -> 'Published' *- (no change)
  [714/1876] https://www.trustpilot.com/submitted/review?correlationid=e4472feb-d236-462a-aafe-d9035d8e7905
    -> 'Published' *- (no change)
  [715/1876] https://no.trustpilot.com/reviews/69ef55f164fbc0be5d25ae00
    -> 'Published' *- (no change)
  [716/1876] https://de.trustpilot.com/submitted/review?correlationid=07a4ddad-3732-4105-ac04-659d724404ba
    -> 'Published' *- (no change)
  [717/1876] https://www.trustpilot.com/submitted/review?correlationid=a65c1920-97c0-4196-864e-ae33541c2d43
    -> 'Published' *- (no change)
  [718/1876] https://de.trustpilot.com/submitted/review?correlationid=8625fdcd-c0d1-4d04-af27-f6e4e0ffbd7e
    -> 'Published' *- (no change)
  [719/1876] https://www.trustpilot.com/submitted/review?correlationid=4835fb0e-e5c1-402d-a46f-56ca852ee6a5
    -> 'Published' *- (no change)
  [720/1876] https://www.trustpilot.com/submitted/review?correlationid=1f28a308-a1d6-438c-bceb-15068c791b63
    -> 'Published' *- (no change)
  [721/1876] https://ca.trustpilot.com/submitted/review?correlationid=2db7e5aa-5bc8-4794-848a-7b4d2b07730a
    -> 'Published' *- (no change)
  [722/1876] https://ca.trustpilot.com/submitted/review?correlationid=c142d4c3-cddc-45c0-a0f1-ee2744a1e047
    -> 'Published' *- (no change)
  [723/1876] https://www.trustpilot.com/submitted/review?correlationid=e698081b-4157-4955-8e83-74395885820d
    -> 'Published' *- (no change)
  [724/1876] https://nz.trustpilot.com/submitted/review?correlationid=0671202a-c15b-4c92-8972-a2b536e5e32e
    -> 'Published' *- (no change)
  [725/1876] https://nz.trustpilot.com/submitted/review?correlationid=9a3353d1-12af-4061-87da-7c1fbbe65454
    -> 'Published' *- (no change)
  [726/1876] https://nz.trustpilot.com/submitted/review?correlationid=0adfce53-c9ef-4adc-a031-cf5c8c630d0a
    -> 'Published' *- (no change)
  [727/1876] https://nz.trustpilot.com/submitted/review?correlationid=d7b21263-6cfc-406d-ac76-4e80cae765f2
    -> 'Published' *- (no change)
  [728/1876] https://ca.trustpilot.com/submitted/review?correlationid=07ca9742-7e13-402c-b3c7-bcf6467a89a3
    -> 'Published' *- (no change)
  [729/1876] https://www.trustpilot.com/submitted/review?correlationid=2f519de0-9688-46bb-8cc9-18ff73315640
    -> 'Published' *- (no change)
  [730/1876] https://nz.trustpilot.com/submitted/review?correlationid=8035e552-9bee-4b88-b82a-8abc986b055b
    -> 'Published' *- (no change)
  [731/1876] https://www.trustpilot.com/submitted/review?correlationid=e96f1e1d-3d4a-47a5-bd32-20b8ccf615b3
    -> 'Published' *- (no change)
  [732/1876] https://de.trustpilot.com/submitted/review?correlationid=654567cb-b4b1-4c0f-9a47-fa6bf39c25cd
    -> 'Published' *- (no change)
  [733/1876] https://www.trustpilot.com/submitted/review?correlationid=466719fd-3d6f-460c-a5b3-1c75ba8e891d
    -> 'Published' *- (no change)
  [734/1876] https://de.trustpilot.com/submitted/review?correlationid=6c4123c0-03b1-4acc-a193-2d485df7fd93
    -> 'Published' *- (no change)
  [735/1876] https://nz.trustpilot.com/submitted/review?correlationid=c418488c-aba6-40ed-a47a-fc2f260209d8
    -> 'Published' *- (no change)
  [736/1876] https://nz.trustpilot.com/submitted/review?correlationid=b58456e7-d38e-4fba-be32-be2d884c2adf
    -> 'Published' *- (no change)
  [737/1876] https://www.trustpilot.com/submitted/review?correlationid=4a9a0968-125c-4e80-978c-a561959318a4
    -> 'Published' *- (no change)
  [738/1876] https://au.trustpilot.com/submitted/review?correlationid=037f21be-462b-45d8-855d-6e64d458aa8f
    -> 'Published' *- (no change)
  [739/1876] https://www.trustpilot.com/submitted/review?correlationid=c5941719-9b3b-4bd7-b010-7c71c9ae2ce0
    -> 'Published' *- (no change)
  [740/1876] https://se.trustpilot.com/submitted/review?correlationid=0e6eb59c-cc01-4c38-a235-428629b67fb9
    -> 'Published' *- (no change)
  [741/1876] https://de.trustpilot.com/submitted/review?correlationid=ce15860a-de2c-4a25-954a-1bf42fb14b62
    -> 'Published' *- (no change)
  [742/1876] https://no.trustpilot.com/submitted/review?correlationid=dcfe1cfa-d348-43ee-9bfb-51c0d66c9510
    -> 'Published' *- (no change)
  [743/1876] https://www.trustpilot.com/submitted/review?correlationid=1bc11325-2c98-4d80-82e1-c836c9cc4a1d
    -> 'Published' *- (no change)
  [744/1876] https://nz.trustpilot.com/submitted/review?correlationid=119009e9-7698-4dcd-91e3-fbb43f851a37
    -> 'Published' *- (no change)
  [745/1876] https://no.trustpilot.com/submitted/review?correlationid=8e9af279-761c-4a74-b9a5-0b0da77aeb12
    -> 'Published' *- (no change)
  [746/1876] https://at.trustpilot.com/submitted/review?correlationid=d1e06dad-82b1-4073-9749-8d532c1fbccd
    -> 'Published' *- (no change)
  [747/1876] https://ca.trustpilot.com/submitted/review?correlationid=4b79700f-dd12-4ac7-a8cf-259ab9b2ab5e
    -> 'Published' *- (no change)
  [748/1876] https://www.trustpilot.com/submitted/review?correlationid=0f538cd0-3ae0-45ba-b6f3-7c229e4d9bd3
    -> 'Published' *- (no change)
  [749/1876] https://de.trustpilot.com/submitted/review?correlationid=6ae51386-236f-49ac-9903-25f817c24f0e
    -> 'Published' *- (no change)
  [750/1876] https://ca.trustpilot.com/submitted/review?correlationid=410f559b-9b7f-41c8-b20f-4a9d2a18fe24
    -> 'Published' *- (no change)
  [751/1876] https://no.trustpilot.com/submitted/review?correlationid=f5420028-6d69-4206-b993-8fadbece8e70
    -> 'Published' *- (no change)
  [752/1876] https://nz.trustpilot.com/submitted/review?correlationid=edfb8d3b-4c76-4445-a665-4541851fb683
    -> 'Published' *- (no change)
  [753/1876] https://www.trustpilot.com/submitted/review?correlationid=c79b2e0a-c335-44fd-96df-8141b49287f7
    -> 'Published' *- (no change)
  [754/1876] https://ca.trustpilot.com/submitted/review?correlationid=f9f619d1-0b4a-46da-bd13-3324e0a15a0e
    -> 'Published' *- (no change)
  [755/1876] https://nz.trustpilot.com/submitted/review?correlationid=836a835e-fec4-475e-8fec-605105f13164
    -> 'Published' *- (no change)
  [756/1876] https://uk.trustpilot.com/submitted/review?correlationid=5f88c0ac-5e3e-4a51-998c-7ef6db8b992e
    -> 'Published' *- (no change)
  [757/1876] https://trustpilot.com/submitted/review?correlationid=ba3503d9-337d-4857-ae54-a0f7b34510e4
    -> 'Published' *- (no change)
  [758/1876] https://uk.trustpilot.com/submitted/review?correlationid=a75bc68a-3e9f-4b8a-81b0-851d8f1b1532
    -> 'Published' *- (no change)
  [759/1876] https://de.trustpilot.com/submitted/review?correlationid=dc2392a8-6d16-44b9-ac30-f24c12f1e77b
    -> 'Published' *- (no change)
  [760/1876] https://www.trustpilot.com/users/67c82aea21c5ab4ef75d6d5e
    -> 'Published' *- (no change)
  [761/1876] https://ca.trustpilot.com/submitted/review?correlationid=6e9ddf7d-9d7e-4feb-8300-566379c8c4bc
    -> 'Published' *- (no change)
  [762/1876] https://ca.trustpilot.com/submitted/review?correlationid=de404ce8-54f4-4244-9a84-cf21040b5b12
    -> 'Published' *- (no change)
  [763/1876] https://uk.trustpilot.com/submitted/review?correlationid=5e1a44e5-2e29-497f-b10f-8eca34dec597
    -> 'Published' *- (no change)
  [764/1876] https://ca.trustpilot.com/submitted/review?correlationid=6ae5c74a-d3e9-4510-a7a2-ae2a75d929c2
    -> 'Published' *- (no change)
  [765/1876] https://uk.trustpilot.com/submitted/review?correlationid=f84c8723-c793-49d4-927a-7b963d146612
    -> 'Published' *- (no change)
  [766/1876] https://de.trustpilot.com/submitted/review?correlationid=fe884e35-192b-4f00-a73c-1b9c027d012d
    -> 'Published' *- (no change)
  [767/1876] https://au.trustpilot.com/submitted/review?correlationid=a59302e3-507e-4da5-9756-4f19e6475084
    -> 'Published' *- (no change)
  [768/1876] https://de.trustpilot.com/submitted/review?correlationid=9360925c-53e1-4003-9afa-e9dd31bd5fe8
    -> 'Published' *- (no change)
  [769/1876] https://de.trustpilot.com/submitted/review?correlationid=75dfe817-a963-4d60-ad1a-084f010c648c
    -> 'Published' *- (no change)
  [770/1876] https://www.trustpilot.com/submitted/review?correlationid=63e1519b-f610-47e4-b9f2-845774aab859
    -> 'Published' *- (no change)
  [771/1876] https://www.trustpilot.com/submitted/review?correlationid=01f3dfa6-1e17-4c69-8dc8-1ef6f2bef9fe
    -> 'Published' *- (no change)
  [772/1876] https://it.trustpilot.com/submitted/review?correlationid=b14119d6-d042-423f-8b8c-b17cf4cf8d76
    -> 'Published' *- (no change)
  [773/1876] https://www.trustpilot.com/submitted/review?correlationid=1247adb5-9796-432a-96b5-68bb9a146760
    -> 'Published' *- (no change)
  [774/1876] https://se.trustpilot.com/submitted/review?correlationid=98f528ae-8eb3-4dd9-a99b-f13c0a3ecf97
    -> 'Published' *- (no change)
  [775/1876] https://nz.trustpilot.com/submitted/review?correlationid=b01335b3-8d5b-4420-b70a-834c4dd8f317
    -> 'Published' *- (no change)
  [776/1876] https://ca.trustpilot.com/submitted/review?correlationid=8e0de8c3-ef66-4d2b-adcb-7baf624bacdc
    -> 'Published' *- (no change)
  [777/1876] https://ca.trustpilot.com/submitted/review?correlationid=50358cef-b4d4-46a0-ab50-44b61c5a782e
    -> 'Published' *- (no change)
  [778/1876] https://ca.trustpilot.com/submitted/review?correlationid=dd42a745-5f28-4302-8893-b6eb03657e34
    -> 'Published' *- (no change)
  [779/1876] https://au.trustpilot.com/submitted/review?correlationid=4968741f-8926-43f4-b11a-4ab7bd997f80
    -> 'Published' *- (no change)
  [780/1876] https://no.trustpilot.com/submitted/review?correlationid=a6220535-b809-4c8f-8728-4ef76498a4a3
    -> 'Published' *- (no change)
  [781/1876] https://at.trustpilot.com/submitted/review?correlationid=681f611e-941e-40f1-8a82-2796b01304a8
    -> 'Published' *- (no change)
  [782/1876] https://de.trustpilot.com/submitted/review?correlationid=eea788a5-472c-49d4-bb4a-7f5c55cba8d4
    -> 'Published' *- (no change)
  [783/1876] https://au.trustpilot.com/submitted/review?correlationid=6ba1345d-9aa6-4cf3-9bce-6afd96027922
    -> 'Published' *- (no change)
  [784/1876] https://www.trustpilot.com/submitted/review?correlationid=9e26865f-058d-47b2-bf47-7a13860e6a22
    -> 'Published' -> 'Removed' *5 (sheet: ok)
  [785/1876] https://nz.trustpilot.com/submitted/review?correlationid=d00891d7-990b-4c6e-a640-00206a3bfcb1
    -> 'Published' *- (no change)
  [786/1876] https://www.trustpilot.com/users/67e29b1919dc11baf27713c4
    -> 'Published' *- (no change)
  [787/1876] https://nz.trustpilot.com/submitted/review?correlationid=c16e6393-9e74-41cb-9486-ce14dc0864b1
    -> 'Published' *- (no change)
  [788/1876] https://uk.trustpilot.com/submitted/review?correlationid=04a08965-2ff4-47b9-bcf8-ad856c8fd202
    -> 'Published' *- (no change)
  [789/1876] https://www.trustpilot.com/users/67b896c850283bd8041a77ca
    -> 'Published' *- (no change)
  [790/1876] https://www.trustpilot.com/submitted/review?correlationid=b07ae910-a025-4988-b42a-808e2b3ba3af
    -> 'Published' *- (no change)
  [791/1876] https://no.trustpilot.com/submitted/review?correlationid=996dd136-0ebe-4042-9a32-9820540c1c29
    -> 'Published' *- (no change)
  [792/1876] https://ca.trustpilot.com/submitted/review?correlationid=e97dff51-6ea0-492a-a7d7-2b69f0e22467
    -> 'Published' *- (no change)
  [793/1876] https://de.trustpilot.com/submitted/review?correlationid=b41cab08-e6e9-4925-881a-2458c3b0217a
    -> 'Published' *- (no change)
  [794/1876] https://de.trustpilot.com/submitted/review?correlationid=e91a858f-892e-41c9-a130-f5b7772e6f5a
    -> 'Published' *- (no change)
  [795/1876] https://uk.trustpilot.com/submitted/review?correlationid=d3cf8c00-69e6-4288-95a6-e4885a16b8c7
    -> 'Published' *- (no change)
  [796/1876] https://www.trustpilot.com/users/6810aa89bf768ba6a0e61221
    -> 'Published' *- (no change)
  [797/1876] https://www.trustpilot.com/submitted/review?correlationid=2e429da4-da8f-4fc2-b4b7-920677b5fd75
    -> 'Published' *- (no change)
  [798/1876] https://nz.trustpilot.com/submitted/review?correlationid=4482245e-62bd-4410-a59c-c18e37bebe5f
    -> 'Published' *- (no change)
  [799/1876] https://ca.trustpilot.com/submitted/review?correlationid=3d5576d2-83a5-49b8-868f-de19a5d772fc
    -> 'Published' *- (no change)
  [800/1876] https://ca.trustpilot.com/submitted/review?correlationid=be8265cc-b40e-4f07-a193-eefd7fd412d0
    -> 'Published' *- (no change)
  [801/1876] https://www.trustpilot.com/submitted/review?correlationid=c5355e76-8335-4169-b5d9-bb273868fa70
    -> 'Published' *- (no change)
  [802/1876] https://uk.trustpilot.com/submitted/review?correlationid=8d8814ca-951c-4a13-87c4-e956581d0a0c
    -> 'Published' *- (no change)
  [803/1876] https://www.trustpilot.com/submitted/review?correlationid=89e529d6-2579-439a-8d60-53ee2fa3561f
    -> 'Published' *- (no change)
  [804/1876] https://uk.trustpilot.com/submitted/review?correlationid=7796fdc2-a000-44d6-91df-e06a70c6922e
    -> 'Published' *- (no change)
  [805/1876] https://www.trustpilot.com/submitted/review?correlationid=eca1f5f6-5781-4e83-8d35-0fbef7d74ebb
    -> 'Published' *- (no change)
  [806/1876] https://no.trustpilot.com/submitted/review?correlationid=f3110b06-49d9-4b4d-8f13-2bf7d2caf099
    -> 'Published' *- (no change)
  [807/1876] https://ca.trustpilot.com/submitted/review?correlationid=6985d921-d50f-45ee-8a1e-47d754959fe3
    -> 'Published' *- (no change)
  [808/1876] https://ca.trustpilot.com/submitted/review?correlationid=4364e6cd-1465-42aa-aa84-0b9a54acf402
    -> 'Published' *- (no change)
  [809/1876] https://au.trustpilot.com/submitted/review?correlationid=72719bd9-b9ae-4512-a148-f76d8780a4d4
    -> 'Published' *- (no change)
  [810/1876] https://www.trustpilot.com/users/67bf0f88f53aba6cb735de53
    -> 'Published' *- (no change)
  [811/1876] https://www.trustpilot.com/submitted/review?correlationid=a1a57f13-d5a2-4a77-b89f-38b08954d689
    -> 'Published' *- (no change)
  [812/1876] https://se.trustpilot.com/submitted/review?correlationid=9274c733-e1a7-440f-9ae4-942b03d1640e
    -> 'Published' *- (no change)
  [813/1876] https://www.trustpilot.com/submitted/review?correlationid=3de4e651-a2dd-4889-828e-a8afb3c79fac
    -> 'Published' *- (no change)
  [814/1876] https://www.trustpilot.com/submitted/review?correlationid=741dbe01-50b9-454b-a059-227ec00077b5
    -> 'Published' *- (no change)
  [815/1876] https://www.trustpilot.com/submitted/review?correlationid=a63b1efc-5ccf-4ad0-8ee4-5e88ecda6633
    -> 'Published' *- (no change)
  [816/1876] https://ca.trustpilot.com/submitted/review?correlationid=5176b905-9cd3-4b20-8eb2-a318d494c99e
    -> 'Published' *- (no change)
  [817/1876] https://www.trustpilot.com/submitted/review?correlationid=aa862c1d-382b-40b1-baf2-d3eb0b2ca3f3
    -> 'Published' *- (no change)
  [818/1876] https://se.trustpilot.com/submitted/review?correlationid=4307bd5f-957d-4809-a4fe-dd581ca6a8bd
    -> 'Published' *- (no change)
  [819/1876] https://ca.trustpilot.com/submitted/review?correlationid=0c2060dc-0668-448c-a88c-4fcb4101a1f6
    -> 'Published' *- (no change)
  [820/1876] https://www.trustpilot.com/submitted/review?correlationid=2882c671-c085-478c-9ac4-3a48e87d98a3
    -> 'Published' *- (no change)
  [821/1876] https://www.trustpilot.com/submitted/review?correlationid=9a23e2f3-a63e-4ced-85e8-428d7a9fca6f
    -> 'Published' *- (no change)
  [822/1876] https://ca.trustpilot.com/submitted/review?correlationid=f20ea968-cd41-4da9-b41a-bfd071a5b378
    -> 'Published' *- (no change)
  [823/1876] https://uk.trustpilot.com/submitted/review?correlationid=320f510f-742e-4a9d-9cc2-e133a1b1b726
    -> 'Published' *- (no change)
  [824/1876] https://www.trustpilot.com/users/67c80b80d777aa5b384649c3
    -> 'Published' *- (no change)
  [825/1876] https://dk.trustpilot.com/submitted/review?correlationid=121c4dac-5402-43b3-bfb5-c7acf2e6ffcd
    -> 'Published' *- (no change)
  [826/1876] https://nz.trustpilot.com/submitted/review?correlationid=f7fba1ae-ad1d-410c-8647-a8e16d0284ed
    -> 'Published' *- (no change)
  [827/1876] https://www.trustpilot.com/submitted/review?correlationid=02884f1d-503b-4ced-aa0e-8a260fded012
    -> 'Published' *- (no change)
  [828/1876] https://ca.trustpilot.com/submitted/review?correlationid=e0c5752a-8397-4ee3-8a21-e838a1f8bab6
    -> 'Published' *- (no change)
  [829/1876] https://uk.trustpilot.com/submitted/review?correlationid=402ea8c1-48c4-47cc-92f2-b33b5628b6cc
    -> 'Published' *- (no change)
  [830/1876] https://nz.trustpilot.com/submitted/review?correlationid=d7aa7803-a4d8-443a-b4e7-4d9c1bf24ba6
    -> 'Published' *- (no change)
  [831/1876] https://ca.trustpilot.com/submitted/review?correlationid=055e4ae1-d81b-46a7-9b8f-d52943c5ab1f
    -> 'Published' *- (no change)
  [832/1876] https://www.trustpilot.com/submitted/review?correlationid=86b7a8cc-a74b-4ec7-8b73-a894c2b0d991
    -> 'Published' *- (no change)
  [833/1876] https://ca.trustpilot.com/submitted/review?correlationid=aeb846a5-6e56-42a5-8319-c26ba4b3e4d1
    -> 'Published' *- (no change)
  [834/1876] https://de.trustpilot.com/submitted/review?correlationid=f41195d3-037e-4d65-b2ca-56dc3a890b32
    -> 'Published' *- (no change)
  [835/1876] https://ca.trustpilot.com/submitted/review?correlationid=84e768b3-d381-491e-8454-905b2ca22e27
    -> 'Published' *- (no change)
  [836/1876] https://au.trustpilot.com/submitted/review?correlationid=8ddd45c3-158f-405c-9ab1-82b088d8da47
    -> 'Published' *- (no change)
  [837/1876] https://no.trustpilot.com/submitted/review?correlationid=88bb2d5e-cbf1-43ae-935c-254bfcb3a7f7
    -> 'Published' *- (no change)
  [838/1876] https://dk.trustpilot.com/submitted/review?correlationid=3884a828-040b-4719-9cae-5b01f49b7c43
    -> 'Published' *- (no change)
  [839/1876] https://www.trustpilot.com/users/67d40a577062e8d11ad264e7
    -> 'Published' *- (no change)
  [840/1876] https://de.trustpilot.com/submitted/review?correlationid=c63b146e-04f5-438f-94d7-09ffcf8974cd
    -> 'Published' *- (no change)
  [841/1876] https://uk.trustpilot.com/submitted/review?correlationid=78f9d6c1-86c8-4e85-8c4e-3edd1dccc0fd
    -> 'Published' *- (no change)
  [842/1876] https://nz.trustpilot.com/submitted/review?correlationid=076b47ab-e1fb-4d96-8307-c461d189d167
    -> 'Published' *- (no change)
  [843/1876] https://dk.trustpilot.com/submitted/review?correlationid=4fedf831-fafa-4214-a51a-a898a9e9e086
    -> 'Published' *- (no change)
  [844/1876] https://au.trustpilot.com/submitted/review?correlationid=19b56053-ac29-496d-a88d-af7767430d1d
    -> 'Published' *- (no change)
  [845/1876] https://www.trustpilot.com/submitted/review?correlationid=e3115fd3-52f2-49c2-894b-ffdcbab54503
    -> 'Published' *- (no change)
  [846/1876] https://uk.trustpilot.com/submitted/review?correlationid=b41c56dc-a837-4217-9f5a-101a81a6e102
    -> 'Published' -> 'Removed' *5 (sheet: ok)
  [847/1876] https://nz.trustpilot.com/submitted/review?correlationid=d7f3d57b-16f9-4327-880a-0abac2b5b721
    -> 'Published' *- (no change)
  [848/1876] https://www.trustpilot.com/submitted/review?correlationid=26a7db4a-2f59-448a-81b3-bd53efef4fd5
    -> 'Published' *- (no change)
  [849/1876] https://uk.trustpilot.com/submitted/review?correlationid=b4e2550f-9bfb-444e-b065-9129e5c2ccc4
    -> 'Published' *- (no change)
  [850/1876] https://de.trustpilot.com/submitted/review?correlationid=2f5cc274-9916-410c-9075-05bfc2672edb
    -> 'Published' *- (no change)
  [851/1876] https://au.trustpilot.com/submitted/review?correlationid=4c620604-10f3-4bec-840e-5445f996481a
    -> 'Published' -> 'Removed' *5 (sheet: ok)
  [852/1876] https://se.trustpilot.com/submitted/review?correlationid=5fd7d7e2-5421-4858-af1c-b8daa050e546
    -> 'Published' *- (no change)
  [853/1876] https://no.trustpilot.com/submitted/review?correlationid=b2c6c1e4-6216-44e0-97fd-1a8d4ebfbcea
    -> 'Published' *- (no change)
  [854/1876] https://nz.trustpilot.com/submitted/review?correlationid=0a8cbcbb-6077-4732-8eab-5111b3cba003
    -> 'Published' *- (no change)
  [855/1876] https://www.trustpilot.com/submitted/review?correlationid=1ef75e1a-8da6-4bd6-88ba-56803c33b1fc
    -> 'Published' *- (no change)
  [856/1876] https://no.trustpilot.com/submitted/review?correlationid=52aa7cc4-6bcc-467e-88eb-5174d09976ea
    -> 'Published' *- (no change)
  [857/1876] https://no.trustpilot.com/submitted/review?correlationid=3ab18414-906d-4c56-a98d-256a39e6f3f2
    -> 'Published' *- (no change)
  [858/1876] https://ca.trustpilot.com/submitted/review?correlationid=c5ed72c2-7545-464f-9c07-7d859a4b759a
    -> 'Published' *- (no change)
  [859/1876] https://ca.trustpilot.com/submitted/review?correlationid=137b4497-3056-4a29-9f13-a4d619e66a47
    -> 'Published' *- (no change)
  [860/1876] https://nz.trustpilot.com/submitted/review?correlationid=db116b48-bf65-437e-9f78-17bac2953b4f
    -> 'Published' *- (no change)
  [861/1876] https://de.trustpilot.com/submitted/review?correlationid=f953a1f3-efda-485d-8c33-4cbc0839056b
    -> 'Published' *- (no change)
  [862/1876] https://nz.trustpilot.com/submitted/review?correlationid=bcd8988f-33be-4810-91f2-f14ca4ea9c8e
    -> 'Published' *- (no change)
  [863/1876] https://nl.trustpilot.com/submitted/review?correlationid=7203f511-47ed-468b-abc9-00365fd6766f
    -> 'Published' *- (no change)
  [864/1876] https://www.trustpilot.com/submitted/review?correlationid=71c97c69-2c68-433a-92b3-63ca2e8bf464
    -> 'Published' *- (no change)
  [865/1876] https://uk.trustpilot.com/submitted/review?correlationid=2e2ac475-c2b4-42ad-93f3-77f003befd57
    -> 'Published' *- (no change)
  [866/1876] https://ca.trustpilot.com/submitted/review?correlationid=6d8b258d-b40f-42ef-a5f7-92e155fe5ed5
    -> 'Published' *- (no change)
  [867/1876] https://www.trustpilot.com/submitted/review?correlationid=82fbea7a-df91-4c96-9e82-3ee7def80093
    -> 'Published' *- (no change)
  [868/1876] https://www.trustpilot.com/users/67d946967062e887e5d72bff
    -> 'Published' *- (no change)
  [869/1876] https://uk.trustpilot.com/users/6812260b4db5a037d0e34879
    -> 'Published' *- (no change)
  [870/1876] https://www.trustpilot.com/submitted/review?correlationid=dec8f412-4400-48bb-80f1-4e4c5da2cad3
    -> 'Published' *- (no change)
  [871/1876] https://uk.trustpilot.com/submitted/review?correlationid=163938e5-a272-4200-b0fa-442147440395
    -> 'Published' *- (no change)
  [872/1876] https://nz.trustpilot.com/submitted/review?correlationid=cf4c9a6e-bab2-44a4-b60a-79d81a15ba1f
    -> 'Published' *- (no change)
  [873/1876] https://nz.trustpilot.com/submitted/review?correlationid=508f0087-b0e4-4195-a459-ff778d6a09ac
    -> 'Published' *- (no change)
  [874/1876] https://au.trustpilot.com/submitted/review?correlationid=5e098641-b675-4b0c-ac4b-f875992c7643
    -> 'Published' *- (no change)
  [875/1876] https://ca.trustpilot.com/submitted/review?correlationid=c9d0cd94-0f82-4142-9881-994be19a0781
    -> 'Published' *- (no change)
  [876/1876] https://ca.trustpilot.com/users/67d822057070b885bb15864f
    -> 'Published' *- (no change)
  [877/1876] https://se.trustpilot.com/submitted/review?correlationid=e71c0431-1b6c-4cce-bfe1-957b36644af2
    -> 'Published' *- (no change)
  [878/1876] https://dk.trustpilot.com/submitted/review?correlationid=cfb2f965-bdab-4af8-b61c-acdb2c99546d
    -> 'Published' *- (no change)
  [879/1876] https://au.trustpilot.com/submitted/review?correlationid=ff7dbf15-12c7-4b12-95fc-235177eab2c3
    -> 'Published' *- (no change)
  [880/1876] https://au.trustpilot.com/submitted/review?correlationid=a35bcbf0-3bca-4e12-a8f6-49fb6bf60ad1
    -> 'Published' *- (no change)
  [881/1876] https://nz.trustpilot.com/submitted/review?correlationid=76869705-6a68-442e-b79a-090a0a9e8a9e
    -> 'Published' *- (no change)
  [882/1876] https://au.trustpilot.com/submitted/review?correlationid=288c3c3f-e5ef-4b98-9d12-d09f2ae70fe6
    -> 'Published' *- (no change)
  [883/1876] https://ca.trustpilot.com/submitted/review?correlationid=917ff3b5-13c6-41fb-98c3-c34bdfc140f1
    -> 'Published' *- (no change)
  [884/1876] https://ca.trustpilot.com/users/67af593f5aa6b3f7718af39c
    -> 'Published' *- (no change)
  [885/1876] https://no.trustpilot.com/submitted/review?correlationid=ba4b67ab-951c-4b89-afd6-bca400a27d40
    -> 'Published' *- (no change)
  [886/1876] https://de.trustpilot.com/submitted/review?correlationid=6c772830-e5a3-4500-8f47-63a996df4e84
    -> 'Published' *- (no change)
  [887/1876] https://de.trustpilot.com/submitted/review?correlationid=960dbaae-86b2-4e1c-a3e5-3099ae90676b
    -> 'Published' *- (no change)
  [888/1876] https://de.trustpilot.com/submitted/review?correlationid=57df0991-03f1-4126-82fe-b44f841a64c1
    -> 'Published' *- (no change)
  [889/1876] https://de.trustpilot.com/submitted/review?correlationid=731405d1-97b2-4d6e-9589-d58ccdeffd73
    -> 'Published' *- (no change)
  [890/1876] https://ca.trustpilot.com/submitted/review?correlationid=0bb05b13-2b1b-424f-b0d9-463c667f1564
    -> 'Published' *- (no change)
  [891/1876] https://au.trustpilot.com/submitted/review?correlationid=45daca4b-e92f-4eda-bf28-c0c13e5418c6
    -> 'Published' -> 'Removed' *5 (sheet: ok)
  [892/1876] https://ca.trustpilot.com/users/67c6f9edd2f1b436ecd8ab28
    -> 'Published' *- (no change)
  [893/1876] https://www.trustpilot.com/submitted/review?correlationid=f51fa13e-931b-4504-8b90-de1e7eb93390
    -> 'Published' *- (no change)
  [894/1876] https://au.trustpilot.com/submitted/review?correlationid=cdc5a9bd-10e7-460a-8d47-7fa9186a374e
    -> 'Published' *- (no change)
  [895/1876] https://de.trustpilot.com/submitted/review?correlationid=412b37cc-bdd1-4914-9f0c-c73accf0e053
    -> 'Published' *- (no change)
  [896/1876] https://ca.trustpilot.com/submitted/review?correlationid=df8351cc-f094-476a-b606-0ec3ac1c2809
    -> 'Published' *- (no change)
  [897/1876] https://au.trustpilot.com/submitted/review?correlationid=bd38dcd6-6f3f-4f82-9eae-f2cf824284d3
    -> 'Published' *- (no change)
  [898/1876] https://at.trustpilot.com/submitted/review?correlationid=0bdafb91-8035-4ab7-b236-9f73f831c441
    -> 'Published' *- (no change)
  [899/1876] https://uk.trustpilot.com/submitted/review?correlationid=595988d8-9c2d-4431-b523-5bbf346a6299
    -> 'Published' *- (no change)
  [900/1876] https://ca.trustpilot.com/submitted/review?correlationid=25927b85-c95b-40a6-a7f0-2ca6b122d438
    -> 'Published' *- (no change)
  [901/1876] https://www.trustpilot.com/submitted/review?correlationid=bda868a6-204e-471e-a944-95c27dd3f3c5
    -> 'Published' *- (no change)
  [902/1876] https://www.trustpilot.com/submitted/review?correlationid=3c222ae7-25ae-48a9-a09b-d373e918789b
    -> 'Published' *- (no change)
  [903/1876] https://www.trustpilot.com/submitted/review?correlationid=5042242f-4ca1-45d2-92d6-b947949f95bc
    -> 'Published' *- (no change)
  [904/1876] https://nz.trustpilot.com/submitted/review?correlationid=ef3d2d2b-b0ed-4261-926b-e09a128a1fb5
    -> 'Published' *- (no change)
  [905/1876] https://www.trustpilot.com/users/67e2aa4719dc1128a2772f19
    -> 'Published' *- (no change)
  [906/1876] https://ca.trustpilot.com/users/67c1b0b58d25fba2ce92a698
    -> 'Published' *- (no change)
  [907/1876] https://de.trustpilot.com/submitted/review?correlationid=fdd80eb1-854a-473a-a335-f079d1c16b7c
    -> 'Published' *- (no change)
  [908/1876] https://de.trustpilot.com/submitted/review?correlationid=a003a7fd-3fae-46d6-9c8d-a0e42bee2b47
    -> 'Published' *- (no change)
  [909/1876] https://ca.trustpilot.com/submitted/review?correlationid=7dc75040-040b-458c-a5f7-ff63bac04c0c
    -> 'Published' *- (no change)
  [910/1876] https://ca.trustpilot.com/submitted/review?correlationid=8433ea51-0e75-4a12-b6f8-f4ceca04c145
    -> 'Published' *- (no change)
  [911/1876] https://ca.trustpilot.com/submitted/review?correlationid=011aafa0-68e5-45cc-8b40-8eb617ee76bd
    -> 'Published' *- (no change)
  [912/1876] https://no.trustpilot.com/submitted/review?correlationid=f7931e4d-779c-4590-98e8-d581720fb405
    -> 'Published' *- (no change)
  [913/1876] https://at.trustpilot.com/submitted/review?correlationid=4d697c8f-2831-435c-9130-51196c421012
    -> 'Published' *- (no change)
  [914/1876] https://uk.trustpilot.com/submitted/review?correlationid=46541df7-c767-44ca-983b-54a212eb47e7
    -> 'Published' *- (no change)
  [915/1876] https://ca.trustpilot.com/submitted/review?correlationid=d23c7a74-720f-4e85-853f-35d5b47dd991
    -> 'Published' *- (no change)
  [916/1876] https://uk.trustpilot.com/submitted/review?correlationid=55f93a4c-afe6-4511-80f0-eafcca76d518
    -> 'Published' *- (no change)
  [917/1876] https://ch.trustpilot.com/submitted/review?correlationid=902045bc-b1c8-4c52-b8f3-681fe557df1d
    -> 'Published' *- (no change)
  [918/1876] https://ca.trustpilot.com/submitted/review?correlationid=c03c4f99-462c-46bd-beb0-b258a32572e1
    -> 'Published' *- (no change)
  [919/1876] https://dk.trustpilot.com/submitted/review?correlationid=16b2b953-c76c-476e-a927-8fc0774eb811
    -> 'Published' *- (no change)
  [920/1876] https://de.trustpilot.com/submitted/review?correlationid=5d462c2b-689b-42c5-b0d9-675e54f16eb9
    -> 'Published' *- (no change)
  [921/1876] https://no.trustpilot.com/submitted/review?correlationid=b42c2747-39a7-4043-b118-6efcd52eb659
    -> 'Published' *- (no change)
  [922/1876] https://au.trustpilot.com/submitted/review?correlationid=d4efccc0-7818-498d-a003-a6f87e3ddadc
    -> 'Published' *- (no change)
  [923/1876] https://www.trustpilot.com/submitted/review?correlationid=01fe3e8c-c936-4249-9901-e440042acb2e
    -> 'Published' *- (no change)
  [924/1876] https://www.trustpilot.com/submitted/review?correlationid=d19a5c87-f949-469e-afa2-fac4281ab2f5
    -> 'Published' *- (no change)
  [925/1876] https://www.trustpilot.com/users/67af54e05aa6b3aaeb8aeb7b
    -> 'Published' *- (no change)
  [926/1876] https://ca.trustpilot.com/submitted/review?correlationid=e9bcaa0e-94cc-4296-bec2-b57da52a0df4
    -> 'Published' *- (no change)
  [927/1876] https://de.trustpilot.com/submitted/review?correlationid=be165728-e8b6-4da5-bc95-e0b068a8bca0
    -> 'Published' *- (no change)
  [928/1876] https://ca.trustpilot.com/submitted/review?correlationid=3d7c9792-4c5e-4d52-aabd-64500d9fdef2
    -> 'Published' *- (no change)
  [929/1876] https://de.trustpilot.com/submitted/review?correlationid=2afe47d3-2724-4e41-8a5a-11e141d89435
    -> 'Published' *- (no change)
  [930/1876] https://nz.trustpilot.com/submitted/review?correlationid=f7cc4404-286a-4edb-a378-05fc8aedf442
    -> 'Published' *- (no change)
  [931/1876] https://nz.trustpilot.com/submitted/review?correlationid=3639bed7-1cee-4a35-901a-10f89c00cfcd
    -> 'Published' *- (no change)
  [932/1876] https://nz.trustpilot.com/submitted/review?correlationid=9816b5c0-452d-4ea6-9673-114129ee6f73
    -> 'Published' *- (no change)
  [933/1876] https://ca.trustpilot.com/users/67d1629a54c0c2690a294f8d
    -> 'Published' *- (no change)
  [934/1876] https://ca.trustpilot.com/submitted/review?correlationid=64ad1828-d509-4e48-9cc2-b2d010c7ad31
    -> 'Published' *- (no change)
  [935/1876] https://no.trustpilot.com/submitted/review?correlationid=dc6925a4-eb6f-42f6-b04e-f7604460a74a
    -> 'Published' *- (no change)
  [936/1876] https://www.trustpilot.com/submitted/review?correlationid=1fec604e-e013-4bb1-a079-aa494f2d24a3
    -> 'Published' *- (no change)
  [937/1876] https://de.trustpilot.com/submitted/review?correlationid=763b90f0-c60f-4c14-94cb-0f262a22bd57
    -> 'Published' *- (no change)
  [938/1876] https://www.trustpilot.com/submitted/review?correlationid=9c826c41-f313-4709-8c82-13ca8da19e8f
    -> 'Published' *- (no change)
  [939/1876] https://au.trustpilot.com/submitted/review?correlationid=c10d9f44-d076-4b28-9fa9-57309d93c785
    -> 'Published' *- (no change)
  [940/1876] https://no.trustpilot.com/submitted/review?correlationid=75da6063-cad9-45a3-ba29-876473b0f5ae
    -> 'Published' *- (no change)
  [941/1876] https://ca.trustpilot.com/submitted/review?correlationid=f72eadcb-da4c-4571-aedf-edd9a1909299
    -> 'Published' *- (no change)
  [942/1876] https://www.trustpilot.com/submitted/review?correlationid=151ab564-c465-4168-adb2-efd765392eb2
    -> 'Published' *- (no change)
  [943/1876] https://ca.trustpilot.com/submitted/review?correlationid=6ded97a0-5bd1-4441-a530-eaeb28a0f46c
    -> 'Published' *- (no change)
  [944/1876] https://de.trustpilot.com/submitted/review?correlationid=4869074f-1d66-4865-ab7f-5eb5de3146af
    -> 'Published' *- (no change)
  [945/1876] https://nz.trustpilot.com/submitted/review?correlationid=eaeadbcc-c650-4136-bef7-b803d3df77e2
    -> 'Published' *- (no change)
  [946/1876] https://de.trustpilot.com/users/67b88b66d7c7292e3c22bed7
    -> 'Published' *- (no change)
  [947/1876] https://www.trustpilot.com/submitted/review?correlationid=2dcdaf90-f3fe-4754-a5e8-5a7ccaae254e
    -> 'Published' *- (no change)
  [948/1876] https://se.trustpilot.com/submitted/review?correlationid=a9060618-c041-4216-b26f-973a57e3d211
    -> 'Published' *- (no change)
  [949/1876] https://ca.trustpilot.com/submitted/review?correlationid=14d0d003-e192-474c-a094-c5bc3fa22831
    -> 'Published' *- (no change)
  [950/1876] https://at.trustpilot.com/submitted/review?correlationid=97e76a60-3638-4741-8900-7434b70d48b0
    -> 'Published' -> 'Removed' *5 (sheet: ok)
  [951/1876] https://ca.trustpilot.com/submitted/review?correlationid=1ba44ce7-71ac-4bcb-8a8a-3b06111bddd6
    -> 'Published' *- (no change)
  [952/1876] https://ca.trustpilot.com/submitted/review?correlationid=73d10231-0ec6-4fc0-84b8-b974da5cc0de
    -> 'Published' *- (no change)
  [953/1876] https://ca.trustpilot.com/submitted/review?correlationid=62c05e9c-5698-4d20-bf57-26a812699908
    -> 'Published' *- (no change)
  [954/1876] https://uk.trustpilot.com/submitted/review?correlationid=c8d883de-4d7a-49da-b57a-a9e958ee811f
    -> 'Published' *- (no change)
  [955/1876] https://de.trustpilot.com/submitted/review?correlationid=2c461c1f-706e-46fd-aa18-31917f871f1d
    -> 'Published' *- (no change)
  [956/1876] https://ca.trustpilot.com/submitted/review?correlationid=acd936d4-e9eb-4927-852f-9d5e09c376a3
    -> 'Published' *- (no change)
  [957/1876] https://www.trustpilot.com/submitted/review?correlationid=edc55c87-ee10-4da9-99d7-34534646ed7f
    -> 'Published' *- (no change)
  [958/1876] https://au.trustpilot.com/submitted/review?correlationid=656955e1-741c-4099-a06d-86fe28a8c028
    -> 'Published' *- (no change)
  [959/1876] https://de.trustpilot.com/submitted/review?correlationid=756c579a-9d3c-46e6-aaff-615874727574
    -> 'Published' *- (no change)
  [960/1876] https://au.trustpilot.com/submitted/review?correlationid=a4d164e0-e3ba-49fc-aee4-ad3d6026ccaf
    -> 'Published' *- (no change)
  [961/1876] https://at.trustpilot.com/submitted/review?correlationid=d34bed1e-9c48-44f3-acd3-2b62c2493d16
    -> 'Published' *- (no change)
  [962/1876] https://www.trustpilot.com/submitted/review?correlationid=24fff453-e281-4af4-8ab2-4fecacae936c
    -> 'Published' *- (no change)
  [963/1876] https://nz.trustpilot.com/submitted/review?correlationid=0cf5876d-34df-4264-a943-90cffad87ca3
    -> 'Published' *- (no change)
  [964/1876] https://uk.trustpilot.com/submitted/review?correlationid=72f5302e-51ee-4245-b49e-e1409c1d8256
    -> 'Published' -> 'Removed' *4 (sheet: ok)
  [965/1876] https://au.trustpilot.com/submitted/review?correlationid=ebe1b9eb-6442-4f74-9e73-a1d6eaa27811
    -> 'Published' *- (no change)
  [966/1876] https://www.trustpilot.com/users/67d80185267d3e79ff26c4f9
    -> 'Published' *- (no change)
  [967/1876] https://de.trustpilot.com/users/67b5b86650283bf2fd16e450
    -> 'Published' *- (no change)
  [968/1876] https://uk.trustpilot.com/submitted/review?correlationid=947cf4d6-1423-4147-b116-81acd5e552e8
    -> 'Published' *- (no change)
  [969/1876] https://www.trustpilot.com/submitted/review?correlationid=3195751a-752a-4f12-b939-3e2d4dd59b85
    -> 'Published' *- (no change)
  [970/1876] https://www.trustpilot.com/submitted/review?correlationid=aae84cfd-9dcd-452e-bb11-f904dde3030c
    -> 'Published' *- (no change)
  [971/1876] https://nz.trustpilot.com/submitted/review?correlationid=27e0b717-c333-47fe-8bf2-c687f63bc154
    -> 'Published' *- (no change)
  [972/1876] https://no.trustpilot.com/submitted/review?correlationid=f2497aac-e7aa-4829-85a3-b3da84e0c2ed
    -> 'Published' *- (no change)
  [973/1876] https://dk.trustpilot.com/submitted/review?correlationid=10612eda-fc4e-493e-8413-836673bf4de6
    -> 'Published' *- (no change)
  [974/1876] https://nz.trustpilot.com/submitted/review?correlationid=984e0979-13bb-4865-b20a-feba9414825e
    -> 'Published' *- (no change)
  [975/1876] https://no.trustpilot.com/submitted/review?correlationid=aa8e06fd-2468-4ce1-81d5-2ea3034089eb
    -> 'Published' *- (no change)
  [976/1876] https://ca.trustpilot.com/submitted/review?correlationid=84f1d05e-edb8-4c58-a812-e4c40f19b904
    -> 'Published' *- (no change)
  [977/1876] https://no.trustpilot.com/submitted/review?correlationid=14b5ba4c-704b-4b66-8d55-e03c80bf6339
    -> 'Published' *- (no change)
  [978/1876] https://www.trustpilot.com/submitted/review?correlationid=62791fe9-b990-482c-bd18-14e96e668ca0
    -> 'Published' *- (no change)
  [979/1876] https://de.trustpilot.com/submitted/review?correlationid=402132ab-4279-4c30-83c5-30a6ce28cc74
    -> 'Done' -> 'Removed' *5 (sheet: ok)
  [980/1876] https://nz.trustpilot.com/submitted/review?correlationid=4d21adc7-c343-4edf-afe1-d3b84486b7dd
    -> 'Published' *- (no change)
  [981/1876] https://de.trustpilot.com/submitted/review?correlationid=27044e60-14b8-49a8-8f25-bba66a90f63b
    -> 'Published' *- (no change)
  [982/1876] https://no.trustpilot.com/submitted/review?correlationid=f84e9dda-0b64-4e0c-8ce7-e753230aa7d6
    -> 'Published' *- (no change)
  [983/1876] https://no.trustpilot.com/submitted/review?correlationid=058df6af-c289-4130-8124-6373e6d4f5bf
    -> 'Published' *- (no change)
  [984/1876] https://www.trustpilot.com/submitted/review?correlationid=8fbbec49-13b3-4933-a581-9514e950a199
    -> 'Published' *- (no change)
  [985/1876] https://www.trustpilot.com/reviews/683d808aa2cecb48162ded72
    -> 'Published' *- (no change)
  [986/1876] https://no.trustpilot.com/submitted/review?correlationid=41ea12cb-26a4-48e9-a7d6-b6e941b80880
    -> 'Published' *- (no change)
  [987/1876] https://dk.trustpilot.com/submitted/review?correlationid=fae93d13-36d9-43fa-ba82-5a51ac8f271e
    -> 'Published' *- (no change)
  [988/1876] https://uk.trustpilot.com/submitted/review?correlationid=536ef86e-ff90-4618-9039-18d1d878ac55
    -> 'Published' *- (no change)
  [989/1876] https://no.trustpilot.com/submitted/review?correlationid=8e5c8f95-f659-4230-9d73-0eaef9f998fa
    -> 'Published' *- (no change)
  [990/1876] https://ca.trustpilot.com/submitted/review?correlationid=c7e49243-4341-4f7c-8071-c1f2d30763d8
    -> 'Published' -> 'Removed' *4 (sheet: ok)
  [991/1876] https://nz.trustpilot.com/submitted/review?correlationid=5a7df5d5-c5ae-4611-8975-baf0ffbdf4ef
    -> 'Published' *- (no change)
  [992/1876] https://www.trustpilot.com/submitted/review?correlationid=2c6853a3-1df6-435e-8d9b-42d5986aaac8
    -> 'Published' *- (no change)
  [993/1876] https://www.trustpilot.com/submitted/review?correlationid=fd305497-7265-41a3-a819-d0cdc4fe433d
    -> 'Published' *- (no change)
  [994/1876] https://de.trustpilot.com/submitted/review?correlationid=33fd20fe-582b-4fe9-a7db-c2e53ef36b3d
    -> 'Published' *- (no change)
  [995/1876] https://de.trustpilot.com/submitted/review?correlationid=5ede56a2-618d-4e81-abd5-6a5fcc28d3e3
    -> 'Published' *- (no change)
  [996/1876] https://de.trustpilot.com/submitted/review?correlationid=69640729-32c4-4cd5-9f38-26a72124a675
    -> 'Published' *- (no change)
  [997/1876] https://no.trustpilot.com/submitted/review?correlationid=853a72eb-e015-49dc-a556-6165984d2f34
    -> 'Published' *- (no change)
  [998/1876] https://no.trustpilot.com/submitted/review?correlationid=fd79d4f4-43b4-40ea-8cdd-03809156e3bc
    -> 'Published' *- (no change)
  [999/1876] https://ca.trustpilot.com/submitted/review?correlationid=6686d0bd-d01d-45a3-86e4-4f1e8f23c3d7
    -> 'Published' *- (no change)
  [1000/1876] https://www.trustpilot.com/submitted/review?correlationid=504fc94a-3bbf-4e7f-b85d-f8c385b8a13f
    -> 'Published' *- (no change)
  [1001/1876] https://www.trustpilot.com/submitted/review?correlationid=5a3a56ba-95cc-4d8d-8e67-f2d6384d5919
    -> 'Published' *- (no change)
  [1002/1876] https://no.trustpilot.com/submitted/review?correlationid=a656f956-7f87-4b23-9b9d-9bcfc4146118
    -> 'Published' *- (no change)
  [1003/1876] https://www.trustpilot.com/submitted/review?correlationid=e92bf3fd-7096-4a97-9d2e-e2dc5a33ab37
    -> 'Published' *- (no change)
  [1004/1876] https://au.trustpilot.com/submitted/review?correlationid=04f52eaf-ffc7-418f-99c5-60407d05d7b2
    -> 'Published' *- (no change)
  [1005/1876] https://nz.trustpilot.com/submitted/review?correlationid=7c0725e0-ed73-4e6d-9534-7c6cae37f261
    -> 'Published' *- (no change)
  [1006/1876] https://uk.trustpilot.com/submitted/review?correlationid=3495efe7-3dcc-4707-8aab-a69d4941b842
    -> 'Published' *- (no change)
  [1007/1876] https://no.trustpilot.com/submitted/review?correlationid=a9165924-af09-4a8f-b0e7-5c9268934bfa
    -> 'Published' *- (no change)
  [1008/1876] https://ca.trustpilot.com/submitted/review?correlationid=518be1bf-cdc2-40fa-b2b5-36462f105973
    -> 'Published' *- (no change)
  [1009/1876] https://no.trustpilot.com/submitted/review?correlationid=3e8dec84-1acb-4912-925a-af60d721eb12
    -> 'Published' *- (no change)
  [1010/1876] https://au.trustpilot.com/submitted/review?correlationid=4d39d082-fd74-4abd-814a-4463bb220a16
    -> 'Published' *- (no change)
  [1011/1876] https://uk.trustpilot.com/submitted/review?correlationid=dcf7c8fa-24ba-4edd-bae8-32e65b9c8eca
    -> 'Published' *- (no change)
  [1012/1876] https://au.trustpilot.com/submitted/review?correlationid=2d1b5910-bbfe-4de2-bf39-bafb8b2fb1d5
    -> 'Published' *- (no change)
  [1013/1876] https://no.trustpilot.com/submitted/review?correlationid=55b680f3-3ae6-42bd-bf8d-87867e895fcd
    -> 'Published' *- (no change)
  [1014/1876] https://au.trustpilot.com/submitted/review?correlationid=700882f0-07eb-4a7c-9dc7-c4d826f38e27
    -> 'Published' -> 'Removed' *4 (sheet: ok)
  [1015/1876] https://www.trustpilot.com/submitted/review?correlationid=6fef00af-7820-485a-bc27-f4bf8a70af81
    -> 'Published' *- (no change)
  [1016/1876] https://nz.trustpilot.com/submitted/review?correlationid=0bc13f8d-cd11-4e31-b2aa-38564ec60988
    -> 'Published' *- (no change)
  [1017/1876] https://uk.trustpilot.com/submitted/review?correlationid=c8efaded-36af-42ff-b98f-a809ba78cafb
    -> 'Published' *- (no change)
  [1018/1876] https://www.trustpilot.com/submitted/review?correlationid=a65c2118-bc51-44ad-b3c0-f1bf2de50594
    -> 'Published' *- (no change)
  [1019/1876] https://ca.trustpilot.com/submitted/review?correlationid=7f8afbbd-0bce-4cde-a537-54f0c1a477bf
    -> 'Published' *- (no change)
  [1020/1876] https://au.trustpilot.com/submitted/review?correlationid=75d56f56-de69-43bf-81c5-b7a683998f93
    -> 'Published' *- (no change)
  [1021/1876] https://de.trustpilot.com/submitted/review?correlationid=3d5225a8-a38d-4c94-8b36-edb4a1d3b509
    -> 'Published' *- (no change)
  [1022/1876] https://ca.trustpilot.com/submitted/review?correlationid=be684ab9-f5e2-46e4-bc68-1eb4f457194e
    -> 'Published' *- (no change)
  [1023/1876] https://au.trustpilot.com/submitted/review?correlationid=d99aeef7-a30a-4aee-a88a-1750337e9a18
    -> 'Published' *- (no change)
  [1024/1876] https://de.trustpilot.com/submitted/review?correlationid=8d6da9ef-185d-43f1-bc7d-139e64644644
    -> 'Published' *- (no change)
  [1025/1876] https://ca.trustpilot.com/submitted/review?correlationid=0940b06a-b260-43a3-b620-23515d5c8c32
    -> 'Published' *- (no change)
  [1026/1876] https://nz.trustpilot.com/submitted/review?correlationid=3147eb29-996b-4b7e-bcf3-1f6072cfe9c4
    -> 'Published' *- (no change)
  [1027/1876] https://www.trustpilot.com/submitted/review?correlationid=32492c81-2ba7-4e09-90ce-b9140f2cb2df
    -> 'Published' *- (no change)
  [1028/1876] https://no.trustpilot.com/submitted/review?correlationid=2660a3fc-3107-4d1f-985b-9646f1f1161c
    -> 'Published' *- (no change)
  [1029/1876] https://de.trustpilot.com/submitted/review?correlationid=6d939b7c-ca79-4a35-921c-9c8017e3d7f8
    -> 'Published' *- (no change)
  [1030/1876] https://no.trustpilot.com/submitted/review?correlationid=54be2274-3678-40ed-9632-29e696521e7f
    -> 'Published' *- (no change)
  [1031/1876] https://ca.trustpilot.com/submitted/review?correlationid=7782a8af-2515-42f1-8b0d-9cbbd14ec448
    -> 'Published' *- (no change)
  [1032/1876] https://www.trustpilot.com/submitted/review?correlationid=1eeeffca-a1d2-445a-9a85-d890a33cbc9e
    -> 'Published' *- (no change)
  [1033/1876] https://www.trustpilot.com/submitted/review?correlationid=f2a89dde-7311-455e-b1cd-1901eee652dc
    -> 'Published' *- (no change)
  [1034/1876] https://de.trustpilot.com/submitted/review?correlationid=21b5bd9a-c015-44e9-a0be-73284fc42169
    -> 'Published' *- (no change)
  [1035/1876] https://www.trustpilot.com/submitted/review?correlationid=db9e33b0-ba38-4e37-bbd2-e449a96fd95e
    -> 'Published' *- (no change)
  [1036/1876] https://au.trustpilot.com/submitted/review?correlationid=f09501e7-b566-4f18-afc7-289b8e03117a
    -> 'Published' *- (no change)
  [1037/1876] https://nz.trustpilot.com/submitted/review?correlationid=7a44359a-6e6a-44a8-a95e-888c696a0757
    -> 'Published' *- (no change)
  [1038/1876] https://de.trustpilot.com/submitted/review?correlationid=ff8e87f1-f477-4d8d-a1d4-c8bd6f071533
    -> 'Published' *- (no change)
  [1039/1876] https://ca.trustpilot.com/submitted/review?correlationid=48947e76-3b5a-4718-8661-ba476aedac61
    -> 'Published' *- (no change)
  [1040/1876] https://no.trustpilot.com/submitted/review?correlationid=6ff18069-e625-4484-9b6a-d6ff3029e406
    -> 'Published' *- (no change)
  [1041/1876] https://nz.trustpilot.com/submitted/review?correlationid=a27525db-7989-4997-8a82-4f393c460990
    -> 'Published' *- (no change)
  [1042/1876] https://nz.trustpilot.com/submitted/review?correlationid=42aac0b4-7d23-44b6-ac1c-b5bb3d3166c9
    -> 'Published' *- (no change)
  [1043/1876] https://dk.trustpilot.com/submitted/review?correlationid=5898ddba-c511-4e3d-ac6d-27bea18a9ead
    -> 'Published' *- (no change)
  [1044/1876] https://uk.trustpilot.com/submitted/review?correlationid=8b58223d-de36-4b44-8e8b-763754d59538
    -> 'Published' *- (no change)
  [1045/1876] https://nz.trustpilot.com/submitted/review?correlationid=13af03b5-a37e-4ffc-95d0-76c2613f36ee
    -> 'Published' *- (no change)
  [1046/1876] https://uk.trustpilot.com/submitted/review?correlationid=c4647dd7-ce41-4612-bbd5-71f240d80346
    -> 'Published' *- (no change)
  [1047/1876] https://ca.trustpilot.com/submitted/review?correlationid=c9d1f212-1b9c-4f46-9c11-f64385bbaff6
    -> 'Published' *- (no change)
  [1048/1876] https://nz.trustpilot.com/submitted/review?correlationid=f848216f-0982-4429-8003-2c19f7c512d0
    -> 'Published' *- (no change)
  [1049/1876] https://ca.trustpilot.com/submitted/review?correlationid=11c3e47b-a2fc-480d-8861-231aeea86eb5
    -> 'Published' *- (no change)
  [1050/1876] https://ca.trustpilot.com/submitted/review?correlationid=f5d348af-a5fd-4929-99cc-e56dea79522e
    -> 'Published' -> 'Removed' *5 (sheet: ok)
  [1051/1876] https://au.trustpilot.com/submitted/review?correlationid=96294f9a-a252-4842-8138-d92d00177a4a
    -> 'Published' *- (no change)
  [1052/1876] https://de.trustpilot.com/submitted/review?correlationid=464d6c00-b92b-41fe-955f-0d7cfb60b616
    -> 'Published' *- (no change)
  [1053/1876] https://www.trustpilot.com/submitted/review?correlationid=239ed441-ddb2-4211-b006-c2eec8483058
    -> 'Published' *- (no change)
  [1054/1876] https://au.trustpilot.com/submitted/review?correlationid=5d898b31-ad26-4be1-ad33-a644056121f7
    -> 'Published' *- (no change)
  [1055/1876] https://uk.trustpilot.com/submitted/review?correlationid=dbaf4a9f-3534-4439-a1c2-1916c1d29f80
    -> 'Published' *- (no change)
  [1056/1876] https://de.trustpilot.com/submitted/review?correlationid=b14b3692-d512-4339-a4a9-8b3311192da5
    -> 'Published' *- (no change)
  [1057/1876] https://no.trustpilot.com/submitted/review?correlationid=de27d195-0948-42c0-8be8-7fc177298a2c
    -> 'Published' *- (no change)
  [1058/1876] https://nz.trustpilot.com/submitted/review?correlationid=612cfc6b-0af1-4313-b8a9-0d88caf8dda9
    -> 'Published' *- (no change)
  [1059/1876] https://ca.trustpilot.com/submitted/review?correlationid=e0b4ea2e-a401-4d0a-b17d-27180142950f
    -> 'Published' *- (no change)
  [1060/1876] https://au.trustpilot.com/submitted/review?correlationid=5351cd89-5f0c-4a53-8b07-1ef0aee8a241
    -> 'Published' *- (no change)
  [1061/1876] https://ca.trustpilot.com/submitted/review?correlationid=bce86b49-7d15-4926-84be-cf05844ba031
    -> 'Published' *- (no change)
  [1062/1876] https://www.trustpilot.com/submitted/review?correlationid=775af433-0dfa-49d5-a7b7-3904eb93f86c
    -> 'Published' *- (no change)
  [1063/1876] https://www.trustpilot.com/submitted/review?correlationid=44cbd48a-4a24-4ab8-9c8e-2ca55286d631
    -> 'Published' *- (no change)
  [1064/1876] https://www.trustpilot.com/submitted/review?correlationid=e4f689c4-995b-4ec1-a68d-577ffdf8b2e1
    -> 'Published' *- (no change)
  [1065/1876] https://nz.trustpilot.com/submitted/review?correlationid=264bcacf-3fe5-46f2-b9f5-15e8ac54ccbc
    -> 'Published' *- (no change)
  [1066/1876] https://www.trustpilot.com/submitted/review?correlationid=017ac99e-cc21-46b1-88f9-62a2fa10e31e
    -> 'Published' *- (no change)
  [1067/1876] https://au.trustpilot.com/submitted/review?correlationid=99c5600a-42ce-498b-ab4b-48810d3f90b9
    -> 'Published' *- (no change)
  [1068/1876] https://no.trustpilot.com/submitted/review?correlationid=a85b3550-6f59-40c1-a987-30c83710cb45
    -> 'Published' *- (no change)
  [1069/1876] https://nz.trustpilot.com/submitted/review?correlationid=cc2473ab-c95e-4c22-8e01-87b029f00ce5
    -> 'Published' *- (no change)
  [1070/1876] https://www.trustpilot.com/submitted/review?correlationid=ed220afa-c9f1-4bd1-a89a-b8153edcffad
    -> 'Published' *- (no change)
  [1071/1876] https://de.trustpilot.com/submitted/review?correlationid=bbee2ca1-e2f7-455b-b80a-c6f67f3be4f5
    -> 'Published' *- (no change)
  [1072/1876] https://no.trustpilot.com/submitted/review?correlationid=098cf124-b7d5-4906-b24e-1d3b7d9be672
    -> 'Published' *- (no change)
  [1073/1876] https://ca.trustpilot.com/submitted/review?correlationid=21a091ad-7b56-40b3-8249-9112272e3941
    -> 'Published' *- (no change)
  [1074/1876] https://ca.trustpilot.com/submitted/review?correlationid=dee9c164-1ad8-48cc-8a13-95158bb239b7
    -> 'Published' *- (no change)
  [1075/1876] https://ca.trustpilot.com/submitted/review?correlationid=6f4a70b4-8ae0-4aa0-a972-bfa986f2a904
    -> 'Published' *- (no change)
  [1076/1876] https://no.trustpilot.com/submitted/review?correlationid=f35a36ce-7d6e-4d08-be62-566162dcaa31
    -> 'Published' *- (no change)
  [1077/1876] https://de.trustpilot.com/submitted/review?correlationid=c31639ac-5a73-427a-8ea6-9119e5364d49
    -> 'Published' -> 'Removed' *4 (sheet: ok)
  [1078/1876] https://dk.trustpilot.com/users/67e26cf32ec5524077327e72
    -> 'Published' *- (no change)
  [1079/1876] https://uk.trustpilot.com/submitted/review?correlationid=6d795389-a31f-40b1-83bd-78fff52afefd
    -> 'Published' *- (no change)
  [1080/1876] https://ca.trustpilot.com/submitted/review?correlationid=3a89ca02-5de0-4659-9b25-e8e82edae07e
    -> 'Published' *- (no change)
  [1081/1876] https://ca.trustpilot.com/submitted/review?correlationid=42b3f668-0099-4319-86b0-ea052e8ac502
    -> 'Published' *- (no change)
  [1082/1876] https://ca.trustpilot.com/submitted/review?correlationid=14def6fc-6188-4a21-8a01-6892bb6b24af
    -> 'Published' *- (no change)
  [1083/1876] https://de.trustpilot.com/submitted/review?correlationid=59f01002-3178-4504-8426-bdca52cca168
    -> 'Published' *- (no change)
  [1084/1876] https://www.trustpilot.com/users/67c59a1b400fc13898556916
    -> 'Published' *- (no change)
  [1085/1876] https://nz.trustpilot.com/users/67b5d13d1e09b4248f1914bd
    -> 'Published' *- (no change)
  [1086/1876] https://www.trustpilot.com/users/67e14f282ec55250f9312cf2
    -> 'Published' *- (no change)
  [1087/1876] https://ca.trustpilot.com/users/67c9b0809a70264eb89c4040
    -> 'Published' *- (no change)
  [1088/1876] https://se.trustpilot.com/submitted/review?correlationid=bad3d840-66cc-4aca-bca1-888ad5554b87
    -> 'Published' *- (no change)
  [1089/1876] https://de.trustpilot.com/submitted/review?correlationid=9f9a9044-223b-428a-abc0-db213ac20492
    -> 'Published' *- (no change)
  [1090/1876] https://ca.trustpilot.com/submitted/review?correlationid=d733f2ac-fde2-4231-85f7-8ac9c801088f
    -> 'Published' *- (no change)
  [1091/1876] https://se.trustpilot.com/users/67bede71f53aba6147358c87
    -> 'Published' *- (no change)
  [1092/1876] https://no.trustpilot.com/submitted/review?correlationid=81deac91-85cf-44bc-afbd-1989598982c6
    -> 'Published' *- (no change)
  [1093/1876] https://www.trustpilot.com/submitted/review?correlationid=574572f7-2a35-4214-92d6-b857d304fe50
    -> 'Published' *- (no change)
  [1094/1876] https://ca.trustpilot.com/submitted/review?correlationid=c47e0a6d-78e5-4634-9110-1151e32cf527
    -> 'Published' *- (no change)
  [1095/1876] https://de.trustpilot.com/submitted/review?correlationid=42f037c9-e1ef-4766-862a-a98d3d04f6c3
    -> 'Published' *- (no change)
  [1096/1876] https://ca.trustpilot.com/submitted/review?correlationid=51e130e9-2ef8-4665-a032-7335b5def063
    -> 'Published' *- (no change)
  [1097/1876] https://www.trustpilot.com/submitted/review?correlationid=5640aea7-bc8b-439b-b9c4-c75d8596834a
    -> 'Published' -> 'Removed' *5 (sheet: ok)
  [1098/1876] https://at.trustpilot.com/submitted/review?correlationid=5e099fe5-a7be-4b58-ac33-7d08aafe08c3
    -> 'Published' *- (no change)
  [1099/1876] https://www.trustpilot.com/submitted/review?correlationid=2fa08f34-1d50-4a5c-b772-3b19dcd18ca2
    -> 'Published' *- (no change)
  [1100/1876] https://au.trustpilot.com/submitted/review?correlationid=901592e9-0469-4110-a4c9-1011308e86fa
    -> 'Published' *- (no change)
  [1101/1876] https://nz.trustpilot.com/submitted/review?correlationid=e509936c-0260-4b91-832d-680b013a5ae3
    -> 'Published' *- (no change)
  [1102/1876] https://dk.trustpilot.com/submitted/review?correlationid=0053d0c3-e390-4360-850c-e207e1c4f568
    -> 'Published' *- (no change)
  [1103/1876] https://ca.trustpilot.com/submitted/review?correlationid=414c1f75-88b7-4fbf-bf28-706073a5b7f2
    -> 'Published' *- (no change)
  [1104/1876] https://au.trustpilot.com/submitted/review?correlationid=87e67de5-2499-41e8-b352-c80e095cd369
    -> 'Published' *- (no change)
  [1105/1876] https://ca.trustpilot.com/submitted/review?correlationid=8e2ccfc7-0201-4397-9b5b-55289c5bfe64
    -> 'Published' *- (no change)
  [1106/1876] https://nz.trustpilot.com/submitted/review?correlationid=d090fddb-b63a-4f99-be0a-2a0b4f0580bd
    -> 'Published' *- (no change)
  [1107/1876] https://au.trustpilot.com/submitted/review?correlationid=3a441847-b893-4220-819b-ed6eb9cd77be
    -> 'Published' *- (no change)
  [1108/1876] https://de.trustpilot.com/submitted/review?correlationid=d6598be8-6f0d-4df2-894c-1ea93062423a
    -> 'Published' *- (no change)
  [1109/1876] https://at.trustpilot.com/submitted/review?correlationid=5fbc4f4f-e829-4fc9-bf4c-8428a39e2d3a
    -> 'Published' *- (no change)
  [1110/1876] https://de.trustpilot.com/submitted/review?correlationid=5d0eef94-0cb4-419c-bb97-559dea483a29
    -> 'Published' *- (no change)
  [1111/1876] https://no.trustpilot.com/submitted/review?correlationid=d460bdc7-b652-4364-855c-8676e502d0f2
    -> 'Published' *- (no change)
  [1112/1876] https://www.trustpilot.com/submitted/review?correlationid=c8884a72-ead7-4b1a-bb61-bcc486d00b50
    -> 'Published' *- (no change)
  [1113/1876] https://no.trustpilot.com/submitted/review?correlationid=be7055ed-8768-4f84-97d9-7176d23dd5c5
    -> 'Published' *- (no change)
  [1114/1876] https://ca.trustpilot.com/submitted/review?correlationid=45537b76-6008-42ca-a76b-5f4c314c77ea
    -> 'Published' *- (no change)
  [1115/1876] https://au.trustpilot.com/submitted/review?correlationid=04532eff-dcf9-4c7e-be56-3aadf7f7c232
    -> 'Published' *- (no change)
  [1116/1876] https://nz.trustpilot.com/submitted/review?correlationid=75fd7855-9dec-4f63-af5c-e9b6082fc978
    -> 'Published' *- (no change)
  [1117/1876] https://ca.trustpilot.com/submitted/review?correlationid=95042aa5-b374-4f46-8620-692b71308279
    -> 'Published' *- (no change)
  [1118/1876] https://de.trustpilot.com/submitted/review?correlationid=50f926c8-4e30-40b4-b523-eca01999f79a
    -> 'Published' *- (no change)
  [1119/1876] https://au.trustpilot.com/submitted/review?correlationid=7d9d5acd-b6ea-4ea7-a64d-e2577f91b4de
    -> 'Published' *- (no change)
  [1120/1876] https://nz.trustpilot.com/submitted/review?correlationid=70b07d9b-991c-4c9f-9d9a-72df523e08e6
    -> 'Published' *- (no change)
  [1121/1876] https://www.trustpilot.com/users/67e2b15a19dc115247773c20
    -> 'Published' *- (no change)
  [1122/1876] https://au.trustpilot.com/users/68f216e251e7935916136e67
    -> 'Published' *- (no change)
  [1123/1876] https://nz.trustpilot.com/submitted/review?correlationid=89107563-cfc5-44c8-9588-f95ad77755e8
    -> 'Published' *- (no change)
  [1124/1876] https://au.trustpilot.com/submitted/review?correlationid=aaa92f75-29ec-4590-9b91-157f43b6a397
    -> 'Published' *- (no change)
  [1125/1876] https://de.trustpilot.com/submitted/review?correlationid=e9961e48-4c5e-4ee3-b7f0-c47cef46bf35
    -> 'Published' *- (no change)
  [1126/1876] https://it.trustpilot.com/submitted/review?correlationid=20525f59-7117-470f-9773-5ff628604411
    -> 'Published' *- (no change)
  [1127/1876] https://de.trustpilot.com/submitted/review?correlationid=f609124c-f148-42c9-934a-41f319e22efa
    -> 'Published' *- (no change)
  [1128/1876] https://ca.trustpilot.com/submitted/review?correlationid=96d289a7-e9b4-4e0e-bb42-30c5e1eba0b5
    -> 'Published' *- (no change)
  [1129/1876] https://ca.trustpilot.com/submitted/review?correlationid=e25d0b46-27f8-48f1-8c46-e00abef36125
    -> 'Published' *- (no change)
  [1130/1876] https://nl.trustpilot.com/submitted/review?correlationid=4ec25727-5726-4c1f-a20e-988faabfdc3a
    -> 'Published' *- (no change)
  [1131/1876] https://ca.trustpilot.com/submitted/review?correlationid=dec5b425-65de-4124-acf5-c507d613b23d
    -> 'Published' *- (no change)
  [1132/1876] https://de.trustpilot.com/submitted/review?correlationid=3bbe60c9-d39a-4701-a926-e9c05b776996
    -> 'Published' *- (no change)
  [1133/1876] https://www.trustpilot.com/submitted/review?correlationid=be97f0df-11e9-4291-a066-44dc282840a0
    -> 'Published' *- (no change)
  [1134/1876] https://au.trustpilot.com/submitted/review?correlationid=17d5c5dd-a1c6-4794-a18f-6e50c4e2e010
    -> 'Published' *- (no change)
  [1135/1876] https://www.trustpilot.com/submitted/review?correlationid=17abf6ea-bccf-44df-9fc1-9f21e6c72e24
    -> 'Published' *- (no change)
  [1136/1876] https://uk.trustpilot.com/submitted/review?correlationid=ff043a3d-b29a-4084-89ac-3bce56c7efa5
    -> 'Published' *- (no change)
  [1137/1876] https://no.trustpilot.com/submitted/review?correlationid=a8aa736f-563f-46c9-b048-49576fb9cb6a
    -> 'Published' *- (no change)
  [1138/1876] https://www.trustpilot.com/submitted/review?correlationid=fddfaf58-25a1-4e06-bc24-b4fccc3031f1
    -> 'Published' *- (no change)
  [1139/1876] https://no.trustpilot.com/submitted/review?correlationid=fa8dbbd0-ea54-4339-8de8-c75f34ecbd29
    -> 'Published' *- (no change)
  [1140/1876] https://au.trustpilot.com/submitted/review?correlationid=c0f2668f-15db-4187-8616-20bce072ebb9
    -> 'Published' *- (no change)
  [1141/1876] https://www.trustpilot.com/submitted/review?correlationid=4730ae98-51c7-40e5-a28b-0aafaf367761
    -> 'Published' *- (no change)
  [1142/1876] https://no.trustpilot.com/submitted/review?correlationid=84c8d367-7b56-4d5f-96c9-f2e5018ef0c1
    -> 'Published' *- (no change)
  [1143/1876] https://dk.trustpilot.com/submitted/review?correlationid=4f682960-5ef9-4aae-9049-16403fc78cdb
    -> 'Published' *- (no change)
  [1144/1876] https://se.trustpilot.com/submitted/review?correlationid=b661c085-d151-4069-9774-2a67700f4909
    -> 'Published' *- (no change)
  [1145/1876] https://nz.trustpilot.com/submitted/review?correlationid=94789903-95aa-4dac-a032-542fdd9d6c84
    -> 'Published' *- (no change)
  [1146/1876] https://nz.trustpilot.com/submitted/review?correlationid=b9cefc1f-5802-4288-afc9-cb0ddfeebc3f
    -> 'Published' *- (no change)
  [1147/1876] https://de.trustpilot.com/submitted/review?correlationid=e91e1981-08e7-4904-ab84-a28b6fa57532
    -> 'Published' *- (no change)
  [1148/1876] https://no.trustpilot.com/submitted/review?correlationid=a86000e4-c858-4723-8fe9-1fb422e03f2a
    -> 'Published' *- (no change)
  [1149/1876] https://au.trustpilot.com/submitted/review?correlationid=0a738647-1179-4dd3-b57c-32b3839c5745
    -> 'Published' *- (no change)
  [1150/1876] https://au.trustpilot.com/submitted/review?correlationid=b10424a6-4a5c-4412-a392-e5c9ca153e92
    -> 'Published' *- (no change)
  [1151/1876] https://no.trustpilot.com/submitted/review?correlationid=0ca74b81-b398-4dbe-98c6-8af5bed47d47
    -> 'Published' *- (no change)
  [1152/1876] https://dk.trustpilot.com/submitted/review?correlationid=170a521d-973b-4216-9eaf-260a028788df
    -> 'Published' *- (no change)
  [1153/1876] https://de.trustpilot.com/submitted/review?correlationid=ee8cd99a-703b-46ee-a7ae-8322a36d1445
    -> 'Published' *- (no change)
  [1154/1876] https://de.trustpilot.com/submitted/review?correlationid=4af2ce16-d378-484d-abed-f9f287ce307d
    -> 'Published' *- (no change)
  [1155/1876] https://no.trustpilot.com/submitted/review?correlationid=528fa623-a699-49e6-939d-d946c67099f1
    -> 'Published' *- (no change)
  [1156/1876] https://au.trustpilot.com/submitted/review?correlationid=1b3facc2-7886-44a9-8573-e7ef17e7b049
    -> 'Published' *- (no change)
  [1157/1876] https://at.trustpilot.com/submitted/review?correlationid=dc37f928-32ad-48c8-a9ce-ea055fc479ad
    -> 'Published' *- (no change)
  [1158/1876] https://ca.trustpilot.com/submitted/review?correlationid=c49dc5b9-5454-4d3b-b48a-2ca9c0a4952b
    -> 'Published' *- (no change)
  [1159/1876] https://www.trustpilot.com/submitted/review?correlationid=9dfc32b1-69c2-40f3-94ed-f79db91bf31f
    -> 'Published' *- (no change)
  [1160/1876] https://au.trustpilot.com/submitted/review?correlationid=70eba00d-7b5e-4bcb-b82d-73127e065e29
    -> 'Published' -> 'Removed' *4 (sheet: ok)
  [1161/1876] https://de.trustpilot.com/submitted/review?correlationid=fad90627-2567-4148-abed-e00bdfb00ed5
    -> 'Published' *- (no change)
  [1162/1876] https://de.trustpilot.com/submitted/review?correlationid=32e91a7f-faf7-422c-bf3f-ee4d1c355271
    -> 'Published' *- (no change)
  [1163/1876] https://au.trustpilot.com/submitted/review?correlationid=15cfeb1c-84f2-4d83-ab0e-308101b18961
    -> 'Published' *- (no change)
  [1164/1876] https://www.trustpilot.com/submitted/review?correlationid=b850b4bb-6f89-4387-8d21-dd83d4c7e072
    -> 'Published' *- (no change)
  [1165/1876] https://au.trustpilot.com/submitted/review?correlationid=74ef4553-9d4d-4730-982b-23b5be331ef9
    -> 'Published' *- (no change)
  [1166/1876] https://dk.trustpilot.com/submitted/review?correlationid=3bbcd379-5139-496e-a6b6-b10c0788d3ab
    -> 'Published' *- (no change)
  [1167/1876] https://au.trustpilot.com/users/67d81a2f7070b8b181157841
    -> 'Published' *- (no change)
  [1168/1876] https://ca.trustpilot.com/submitted/review?correlationid=96d289a7-e9b4-4e0e-bb42-30c5e1eba0b5
    -> 'Published' *- (no change)
  [1169/1876] https://de.trustpilot.com/submitted/review?correlationid=f60e4355-d810-48a3-960e-35c760ac0390
    -> 'Published' *- (no change)
  [1170/1876] https://no.trustpilot.com/submitted/review?_gl=1*mx61fp*_gcl_au*NzMzODE3MzIzLjE3NzY2ODExMjAuMTYxNDE2NTkwMy4xNzc2NjgxMTcwLjE3NzY2ODExODA.*_ga*ODIzMTc3NDkuMTc3NjY4MTEyMg..*_ga_11HBWMC274*czE3NzY2ODExMjEkbzEkZzEkdDE3NzY2ODE2ODckajQ2JGwwJGgw&correlationid=22b7dca7-8a17-43a9-8f0d-34b54d368e5a
    -> 'Published' *- (no change)
  [1171/1876] https://no.trustpilot.com/submitted/review?correlationid=1473cfab-a571-49d0-804b-e6b15c421dda
    -> 'Published' *- (no change)
  [1172/1876] https://au.trustpilot.com/submitted/review?correlationid=a0729f1b-f703-4b6c-ab37-87d17f01d41a
    -> 'Published' *- (no change)
  [1173/1876] https://au.trustpilot.com/submitted/review?correlationid=53a182f7-6f99-4d89-bbc1-946224582d22
    -> 'Published' *- (no change)
  [1174/1876] https://www.trustpilot.com/submitted/review?correlationid=cdeddaf6-9090-4ac8-a0bb-1940cf69b57f
    -> 'Published' *- (no change)
  [1175/1876] https://ca.trustpilot.com/submitted/review?correlationid=ae1e187c-2996-456f-9096-a86cdee61fd7
    -> 'Published' *- (no change)
  [1176/1876] https://au.trustpilot.com/submitted/review?correlationid=28c74e4a-ac1f-4119-aaea-35c226a71459
    -> 'Published' *- (no change)
  [1177/1876] https://nz.trustpilot.com/submitted/review?correlationid=c4e27a45-5402-49ee-bc23-e055e6386248
    -> 'Published' *- (no change)
  [1178/1876] https://se.trustpilot.com/submitted/review?correlationid=bfa88846-b86b-4537-87cc-92cabc32463d
    -> 'Published' *- (no change)
  [1179/1876] https://uk.trustpilot.com/submitted/review?correlationid=c533e840-6ec1-4bcd-a48b-2ea569f5f2db
    -> 'Published' *- (no change)
  [1180/1876] https://no.trustpilot.com/submitted/review?correlationid=ebd309ce-c30d-4a9f-b033-6785b18a69c6
    -> 'Published' *- (no change)
  [1181/1876] https://nz.trustpilot.com/submitted/review?correlationid=01e1f5c1-da3f-4550-8e38-c06bbc72a943
    -> 'Published' *- (no change)
  [1182/1876] https://no.trustpilot.com/submitted/review?correlationid=f1547efc-7744-4a75-b4dc-9290b26d6661
    -> 'Published' *- (no change)
  [1183/1876] https://de.trustpilot.com/submitted/review?correlationid=18b6b72c-75df-4b6a-8102-94305b7b861b
    -> 'Published' *- (no change)
  [1184/1876] https://www.trustpilot.com/submitted/review?correlationid=6de6d9b6-d3de-400a-9d06-cced8c16db88
    -> 'Published' *- (no change)
  [1185/1876] https://au.trustpilot.com/submitted/review?correlationid=d81d4b0f-2474-4536-81f0-6836b0b1dcf2
    -> 'Published' *- (no change)
  [1186/1876] https://ca.trustpilot.com/submitted/review?correlationid=0940b06a-b260-43a3-b620-23515d5c8c32
    -> 'Published' *- (no change)
  [1187/1876] https://de.trustpilot.com/submitted/review?correlationid=ee9e9dd0-654d-48f9-ac11-c0611f9693c4
    -> 'Published' *- (no change)
  [1188/1876] https://ca.trustpilot.com/submitted/review?correlationid=4658afe4-d442-4447-904b-da7d7ee85e2a
    -> 'Published' *- (no change)
  [1189/1876] https://uk.trustpilot.com/submitted/review?correlationid=1f6f46db-16ff-422e-82b5-a2c8750a7cf5
    -> 'Published' *- (no change)
  [1190/1876] https://nz.trustpilot.com/submitted/review?correlationid=0067e6fc-053d-4887-8e48-3a6cb571c690
    -> 'Published' *- (no change)
  [1191/1876] https://de.trustpilot.com/submitted/review?correlationid=b388c892-7fe6-4119-9aa8-bfb139c1eb09
    -> 'Published' *- (no change)
  [1192/1876] https://dk.trustpilot.com/submitted/review?correlationid=8ae8639e-fb2e-4031-b682-9669bc7449c8
    -> 'Published' *- (no change)
  [1193/1876] https://au.trustpilot.com/submitted/review?correlationid=20b73a80-2a63-42d2-b5f5-57853f3a9933
    -> 'Published' *- (no change)
  [1194/1876] https://de.trustpilot.com/submitted/review?correlationid=973b0fec-64f7-4fd8-9288-0266b211e3ff
    -> 'Published' *- (no change)
  [1195/1876] https://au.trustpilot.com/submitted/review?correlationid=f9d70f20-634d-48bc-87db-870f21e862de
    -> 'Published' *- (no change)
  [1196/1876] https://www.trustpilot.com/submitted/review?correlationid=c628f9fc-00df-4b77-9e26-70de315862fd
    -> 'Published' *- (no change)
  [1197/1876] https://www.trustpilot.com/submitted/review?correlationid=fba4b831-f9ee-4ca1-b176-60f5dad1ebd4
    -> 'Published' *- (no change)
  [1198/1876] https://www.trustpilot.com/submitted/review?correlationid=aaeec30f-c59f-4275-b213-7f879f2a2740
    -> 'Published' *- (no change)
  [1199/1876] https://www.trustpilot.com/submitted/review?correlationid=98694799-78ae-45f7-ac17-f803d9e9b1d6
    -> 'Published' *- (no change)
  [1200/1876] https://de.trustpilot.com/submitted/review?correlationid=fe6d1c37-b80d-45b1-a05f-fbb114eb1c27
    -> 'Published' *- (no change)
  [1201/1876] https://de.trustpilot.com/submitted/review?correlationid=eac8de33-5790-4795-9d31-4223579858e0
    -> 'Published' *- (no change)
  [1202/1876] https://de.trustpilot.com/submitted/review?correlationid=05fdbc91-969c-4bfd-99a1-dc379b5b5661
    -> 'Published' *- (no change)
  [1203/1876] https://www.trustpilot.com/submitted/review?correlationid=0349d777-0543-4fe9-a69d-0248c883f533
    -> 'Published' *- (no change)
  [1204/1876] https://www.trustpilot.com/submitted/review?correlationid=9e085710-0270-4f9a-b20d-f7485e03ef74
    -> 'Published' *- (no change)
  [1205/1876] https://ca.trustpilot.com/submitted/review?correlationid=61924434-e6eb-4f8f-bf17-611ee112006b
    -> 'Published' *- (no change)
  [1206/1876] https://au.trustpilot.com/submitted/review?correlationid=8dda8064-3850-4232-a7bb-c555a31ae269
    -> 'Published' *- (no change)
  [1207/1876] https://au.trustpilot.com/submitted/review?correlationid=856b514f-5c1b-4452-b8ef-e3496e6f5c6e
    -> 'Published' *- (no change)
  [1208/1876] https://ca.trustpilot.com/submitted/review?correlationid=4bb95fa5-be47-48e9-b0bb-3b0b5101b284
    -> 'Published' *- (no change)
  [1209/1876] https://nz.trustpilot.com/submitted/review?correlationid=7a4308c9-a4ea-4ce1-af52-200bacfbbadc
    -> 'Published' *- (no change)
  [1210/1876] https://de.trustpilot.com/submitted/review?correlationid=41b5835e-c90a-4a83-90a5-7b69326f7639
    -> 'Published' *- (no change)
  [1211/1876] https://au.trustpilot.com/submitted/review?correlationid=79029009-66dc-4b79-95c3-a04ce4ba2b4f
    -> 'Published' *- (no change)
  [1212/1876] https://nz.trustpilot.com/submitted/review?correlationid=58da616b-c9cf-488a-91dc-f9e38e73a65f
    -> 'Published' *- (no change)
  [1213/1876] https://ca.trustpilot.com/submitted/review?correlationid=51d4ba86-d32c-4bb8-b040-0c103f5cdebb
    -> 'Published' *- (no change)
  [1214/1876] https://se.trustpilot.com/submitted/review?correlationid=40ded523-ec94-4cb0-8b39-2223a0e71a6a
    -> 'Published' *- (no change)
  [1215/1876] https://no.trustpilot.com/submitted/review?correlationid=f8e0d0e6-f089-4a50-ac6e-1a3f9aeb36ab
    -> 'Published' *- (no change)
  [1216/1876] https://www.trustpilot.com/submitted/review?correlationid=e1e87a9b-251c-411b-8634-b539e7c661d8
    -> 'Published' *- (no change)
  [1217/1876] https://de.trustpilot.com/submitted/review?correlationid=19f15b0c-86b5-4866-81d2-827e03f252bf
    -> 'Published' *- (no change)
  [1218/1876] https://no.trustpilot.com/submitted/review?correlationid=ebdad41f-4fd4-44f2-bdbd-e727e69a2804
    -> 'Published' *- (no change)
  [1219/1876] https://no.trustpilot.com/submitted/review?correlationid=a23aeb6e-17b5-4977-846e-31e9d73e0897
    -> 'Published' *- (no change)
  [1220/1876] https://www.trustpilot.com/submitted/review?correlationid=0f57d5d3-d8d4-4172-bf86-0e9d545e25e9
    -> 'Published' *- (no change)
  [1221/1876] https://www.trustpilot.com/submitted/review?correlationid=e72dc7e6-06b8-4830-90b4-3516c9bb69f0
    -> 'Published' *- (no change)
  [1222/1876] https://au.trustpilot.com/submitted/review?correlationid=83b29a47-cdd4-4b7e-86a9-699d690f530e
    -> 'Published' *- (no change)
  [1223/1876] https://uk.trustpilot.com/submitted/review?correlationid=2b09283c-6b59-47cc-b006-d76d32106e08
    -> 'Published' *- (no change)
  [1224/1876] https://no.trustpilot.com/submitted/review?correlationid=1779e8fc-0f82-47e2-8fd5-ca2493e22fd4
    -> 'Published' *- (no change)
  [1225/1876] https://www.trustpilot.com/submitted/review?correlationid=a2b778d5-b84b-41a7-a686-7edfa23a10e8
    -> 'Published' *- (no change)
  [1226/1876] https://uk.trustpilot.com/submitted/review?correlationid=e1463e27-f31e-48f9-be98-bdc0a0325eec
    -> 'Published' *- (no change)
  [1227/1876] https://au.trustpilot.com/submitted/review?correlationid=2902dd76-f3d4-459a-8cfd-1805bae3c8f1
    -> 'Published' *- (no change)
  [1228/1876] https://nz.trustpilot.com/submitted/review?correlationid=6a6b2e89-5d2e-43fc-a314-314735ada534
    -> 'Published' *- (no change)
  [1229/1876] https://de.trustpilot.com/submitted/review?correlationid=e400aeb7-b8a2-4eb7-bdec-a0aacff49bef
    -> 'Published' *- (no change)
  [1230/1876] https://de.trustpilot.com/submitted/review?correlationid=b5348475-9365-44da-a3fa-087d467c5083
    -> 'Published' *- (no change)
  [1231/1876] https://ca.trustpilot.com/submitted/review?correlationid=37dcd786-c27d-4039-a59f-e790da909982
    -> 'Published' *- (no change)
  [1232/1876] https://at.trustpilot.com/submitted/review?correlationid=5f560467-5229-4b09-87a7-3bac35647f86
    -> 'Published' *- (no change)
  [1233/1876] https://de.trustpilot.com/submitted/review?correlationid=e7342826-d39e-408c-900b-ae7a068b1b93
    -> 'Published' *- (no change)
  [1234/1876] https://se.trustpilot.com/submitted/review?correlationid=805632e4-2136-4fb2-8783-9db8679b1507
    -> 'Published' *- (no change)
  [1235/1876] https://ca.trustpilot.com/submitted/review?correlationid=6209de80-9b6c-4652-96f6-6a02a12e5caa
    -> 'Published' *- (no change)
  [1236/1876] https://nz.trustpilot.com/submitted/review?correlationid=360eaccb-8b04-4009-a4cd-3a02382d676e
    -> 'Done' -> 'Published' *5 (sheet: ok)
  [1237/1876] https://de.trustpilot.com/submitted/review?correlationid=67883427-6735-41b8-8963-7a4c799a8ac7
    -> 'Published' *- (no change)
  [1238/1876] https://www.trustpilot.com/submitted/review?correlationid=1cbc0bf9-0b0d-4ea4-a7ca-ed036b629de2
    -> 'Published' *- (no change)
  [1239/1876] https://de.trustpilot.com/users/67c6cec3d2f1b4ff20d861ec
    -> 'Published' *- (no change)
  [1240/1876] https://it.trustpilot.com/submitted/review?correlationid=e7f02bee-690d-4b29-8a6a-ba75678688fd
    -> 'Published' *- (no change)
  [1241/1876] https://se.trustpilot.com/submitted/review?correlationid=3f7387bf-e7cf-4d47-8a52-d09423503a63
    -> 'Published' *- (no change)
  [1242/1876] https://www.trustpilot.com/submitted/review?correlationid=83bc77e8-f91a-4781-9723-ac1511f6ccab
    -> 'Published' *- (no change)
  [1243/1876] https://nz.trustpilot.com/submitted/review?correlationid=282c54c2-e14a-4c03-aef4-8228b66ae727
    -> 'Published' *- (no change)
  [1244/1876] https://www.trustpilot.com/submitted/review?correlationid=d0814ddc-a486-4fa4-ad7b-57c37f3d1b15
    -> 'Published' *- (no change)
  [1245/1876] https://de.trustpilot.com/submitted/review?correlationid=486c1593-86fb-4d58-8096-60c2468539e2
    -> 'Published' *- (no change)
  [1246/1876] https://www.trustpilot.com/submitted/review?correlationid=485f7cee-fdf5-4153-8f10-79b5dba5eb77
    -> 'Published' *- (no change)
  [1247/1876] https://www.trustpilot.com/submitted/review?correlationid=c327c754-1ad8-4f95-9273-19050af02a97
    -> 'Published' *- (no change)
  [1248/1876] https://nz.trustpilot.com/submitted/review?correlationid=51991771-fb64-4b85-a878-fd3bb831dea6
    -> 'Published' *- (no change)
  [1249/1876] https://de.trustpilot.com/submitted/review?correlationid=f56eb5a7-4f00-4c17-853e-2ac859412b31
    -> 'Published' *- (no change)
  [1250/1876] https://no.trustpilot.com/submitted/review?correlationid=e5239ae9-308e-40e2-9193-43dc7a5bcd0a
    -> 'Published' *- (no change)
  [1251/1876] https://www.trustpilot.com/submitted/review?correlationid=f7527bb6-23bb-4ba2-9da4-97aa23121c72
    -> 'Published' *- (no change)
  [1252/1876] https://ca.trustpilot.com/submitted/review?correlationid=6533cf5f-ddc2-42a5-835e-781c55b2d2c0
    -> 'Published' *- (no change)
  [1253/1876] https://de.trustpilot.com/submitted/review?correlationid=9d28fe28-d5c3-4df0-b7b2-ad2f2202a1a1
    -> 'Published' *- (no change)
  [1254/1876] https://nz.trustpilot.com/submitted/review?correlationid=d2659d1c-f5c8-4ca4-bf5a-65ec65ad45b9
    -> 'Published' *- (no change)
  [1255/1876] https://au.trustpilot.com/submitted/review?correlationid=46f5724d-f555-4981-8494-e5d258960907
    -> 'Published' *- (no change)
  [1256/1876] https://de.trustpilot.com/submitted/review?correlationid=4119d342-6ced-4512-9118-a236b1c4160e
    -> 'Published' *- (no change)
  [1257/1876] https://ca.trustpilot.com/submitted/review?correlationid=9f6cc617-d85d-48c3-aecc-77ba60652dc2
    -> 'Published' *- (no change)
  [1258/1876] https://au.trustpilot.com/submitted/review?correlationid=a894f142-9ac7-4764-bf1e-55e91e8a9c34
    -> 'Published' *- (no change)
  [1259/1876] https://de.trustpilot.com/submitted/review?correlationid=f1e34f30-4f84-49a3-a9d1-2134b1facff1
    -> 'Published' *- (no change)
  [1260/1876] https://at.trustpilot.com/submitted/review?correlationid=c0fa95f4-81dc-4e84-895e-1b173f5ce123
    -> 'Published' *- (no change)
  [1261/1876] https://uk.trustpilot.com/users/68628e148a53759d6b819c41
    -> 'Published' *- (no change)
  [1262/1876] https://au.trustpilot.com/submitted/review?correlationid=fef77c74-4b96-4553-a15a-8452cc274cbb
    -> 'Published' *- (no change)
  [1263/1876] https://www.trustpilot.com/submitted/review?correlationid=9a1ae63a-0134-4c98-b9bd-74f112feb1fc
    -> 'Published' *- (no change)
  [1264/1876] https://it.trustpilot.com/submitted/review?correlationid=a902ed06-e6cd-4f14-bf0f-c74d47d76073
    -> 'Published' *- (no change)
  [1265/1876] https://ca.trustpilot.com/submitted/review?correlationid=4284a0a3-d91a-4648-a499-49f71bbb977b
    -> 'Published' *- (no change)
  [1266/1876] https://de.trustpilot.com/submitted/review?correlationid=2979e609-4bd7-4357-ae5e-cf278928c238
    -> 'Published' *- (no change)
  [1267/1876] https://ca.trustpilot.com/submitted/review?correlationid=bbe4847b-788e-406a-8fe5-cde03f313642
    -> 'Published' *- (no change)
  [1268/1876] https://www.trustpilot.com/submitted/review?correlationid=6cb3c578-3446-45f7-92ff-2a30187ed889
    -> 'Published' *- (no change)
  [1269/1876] https://no.trustpilot.com/submitted/review?correlationid=956d926c-d797-4094-840f-59284c3c9c31
    -> 'Published' *- (no change)
  [1270/1876] https://nl.trustpilot.com/submitted/review?correlationid=ec1ba2b7-2801-425a-9b52-8292952c67ca
    -> 'Published' *- (no change)
  [1271/1876] https://nz.trustpilot.com/submitted/review?correlationid=034bad13-bc22-4a61-a1b4-26b4a5ae5ddc
    -> 'Published' *- (no change)
  [1272/1876] https://uk.trustpilot.com/submitted/review?correlationid=30787833-137a-4bd6-801d-42ab68766c0f
    -> 'Published' *- (no change)
  [1273/1876] https://ca.trustpilot.com/submitted/review?correlationid=91be3554-b33f-4f46-a27f-5b8af2885812
    -> 'Published' *- (no change)
  [1274/1876] https://ca.trustpilot.com/submitted/review?correlationid=9d8240fb-586b-4e52-9480-6cf9b7ab978d
    -> 'Published' *- (no change)
  [1275/1876] https://nz.trustpilot.com/submitted/review?correlationid=b398f820-af7e-4d30-ba5e-80479bd9b05e
    -> 'Published' *- (no change)
  [1276/1876] https://au.trustpilot.com/submitted/review?correlationid=5d45ab9d-310f-4520-894c-77c5e84318d5
    -> 'Published' *- (no change)
  [1277/1876] https://nz.trustpilot.com/submitted/review?correlationid=c24fd7fa-701c-480b-8ab2-581fee145518
    -> 'Published' *- (no change)
  [1278/1876] https://au.trustpilot.com/submitted/review?correlationid=50b828d8-afc9-4b55-9aa7-69c51e1e98d4
    -> 'Published' *- (no change)
  [1279/1876] https://www.trustpilot.com/submitted/review?correlationid=c9b4c0ec-f8b9-435f-87b1-f7a84e71421f
    -> 'Published' *- (no change)
  [1280/1876] https://no.trustpilot.com/submitted/review?correlationid=081d1937-6c89-4372-a0b3-bcff41ec383e
    -> 'Published' *- (no change)
  [1281/1876] https://uk.trustpilot.com/submitted/review?correlationid=055ff279-f6f4-49d2-bc59-bde0b837dd1d
    -> 'Published' *- (no change)
  [1282/1876] https://ca.trustpilot.com/submitted/review?correlationid=fb85328a-73ed-4cee-b80e-10e6d970b452
    -> 'Published' *- (no change)
  [1283/1876] https://www.trustpilot.com/submitted/review?correlationid=9a5c1587-38c9-4335-a355-d494e0976ef3
    -> 'Published' *- (no change)
  [1284/1876] https://nz.trustpilot.com/submitted/review?correlationid=28316a2f-9ee3-4b50-b91b-09a825843da6
    -> 'Published' *- (no change)
  [1285/1876] https://no.trustpilot.com/submitted/review?correlationid=5ebdcbcf-67a7-4d04-ab0e-ab6a54f65809
    -> 'Published' *- (no change)
  [1286/1876] https://no.trustpilot.com/submitted/review?correlationid=6d2d2517-9a4e-4434-a902-82febc18723b
    -> 'Published' *- (no change)
  [1287/1876] https://no.trustpilot.com/submitted/review?correlationid=a013341a-8489-49e6-a6ad-721affc6c47b
    -> 'Published' *- (no change)
  [1288/1876] https://www.trustpilot.com/submitted/review?correlationid=dc3f5640-111f-41d3-a7da-ad69a7046878
    -> 'Published' *- (no change)
  [1289/1876] https://de.trustpilot.com/submitted/review?correlationid=9d4fde18-2b02-41af-9cba-ddd6f0dbf5c8
    -> 'Published' *- (no change)
  [1290/1876] https://ca.trustpilot.com/submitted/review?correlationid=a4128f7f-5034-4798-976f-407204404358
    -> 'Published' *- (no change)
  [1291/1876] https://au.trustpilot.com/submitted/review?correlationid=9fba6871-7f57-4a63-a999-d4ef48fe9b0f
    -> 'Published' *- (no change)
  [1292/1876] https://no.trustpilot.com/submitted/review?correlationid=e4b27d3b-ab30-4c6d-817d-078157cc909b
    -> 'Published' *- (no change)
  [1293/1876] https://nz.trustpilot.com/submitted/review?correlationid=3f7d96b5-b4f0-48a9-ac6a-610293ecf8b0
    -> 'Published' *- (no change)
  [1294/1876] https://no.trustpilot.com/submitted/review?correlationid=2d8cfdb3-6219-4eef-8bdc-460096975f6d
    -> 'Published' *- (no change)
  [1295/1876] https://ca.trustpilot.com/submitted/review?correlationid=624b4fd2-0a3d-4fe5-8172-d1577fe643b2
    -> 'Published' *- (no change)
  [1296/1876] https://www.trustpilot.com/users/67da86b0aa1298d2b3e6fb9e
    -> 'Published' *- (no change)
  [1297/1876] https://au.trustpilot.com/submitted/review?correlationid=87c8c595-1359-4c1e-aa84-ce939824cbf2
    -> 'Published' *- (no change)
  [1298/1876] https://de.trustpilot.com/submitted/review?correlationid=00cbcd2f-efdd-4bea-97c7-fdec4cbf6dad
    -> 'Published' *- (no change)
  [1299/1876] https://au.trustpilot.com/submitted/review?correlationid=dde6ed57-03bc-49de-8e85-73344e606de3
    -> 'Published' *- (no change)
  [1300/1876] https://ca.trustpilot.com/submitted/review?correlationid=e7445d98-c060-4a2c-8f3b-68805e1a4ce6
    -> 'Published' *- (no change)
  [1301/1876] https://nz.trustpilot.com/submitted/review?correlationid=95c6eb7b-d28a-4f85-bdc0-f16ae9b51ebb
    -> 'Published' *- (no change)
  [1302/1876] https://uk.trustpilot.com/reviews/6810f7b155dc996b5ce387de
    -> 'Published' *- (no change)
  [1303/1876] https://dk.trustpilot.com/users/67af4c88633676bb65ee5cb2
    -> 'Published' *- (no change)
  [1304/1876] https://at.trustpilot.com/submitted/review?correlationid=313e2172-aad2-4ae1-8151-b45bfafb99e0
    -> 'Published' *- (no change)
  [1305/1876] https://de.trustpilot.com/submitted/review?correlationid=2879dd74-ef83-4075-9556-aad166fbc91c
    -> 'Published' *- (no change)
  [1306/1876] https://ca.trustpilot.com/submitted/review?correlationid=58f08f39-38d3-4195-9d07-0e6d7deaa59f
    -> 'Published' *- (no change)
  [1307/1876] https://au.trustpilot.com/submitted/review?correlationid=ef4d8983-306a-4d53-86c0-106ccbd4afa1
    -> 'Published' *- (no change)
  [1308/1876] https://uk.trustpilot.com/submitted/review?correlationid=cc9955f9-ffe5-46b2-9d80-265c9328983b
    -> 'Published' *- (no change)
  [1309/1876] https://au.trustpilot.com/submitted/review?correlationid=adfcc14f-5ad7-43af-a7e9-cf193ae59862
    -> 'Published' -> 'Removed' *5 (sheet: ok)
  [1310/1876] https://uk.trustpilot.com/submitted/review?correlationid=1e1649ab-723c-4d2f-b4f7-8b184425b377
    -> 'Published' *- (no change)
  [1311/1876] https://de.trustpilot.com/submitted/review?correlationid=9ec2c1a8-1b28-41b8-a77d-a076ffe4c317
    -> 'Published' *- (no change)
  [1312/1876] https://www.trustpilot.com/submitted/review?correlationid=2f199780-6a89-4242-954d-bf3b1832570e
    -> 'Published' *- (no change)
  [1313/1876] https://au.trustpilot.com/submitted/review?correlationid=20e5c090-81db-4278-accb-19a81a4fd9d7
    -> 'Published' *- (no change)
  [1314/1876] https://no.trustpilot.com/submitted/review?correlationid=8691747c-9871-4d13-bcc2-45f71f157024
    -> 'Published' *- (no change)
  [1315/1876] https://www.trustpilot.com/submitted/review?correlationid=26a3ebb2-b29d-4267-8040-9b6608c57ee3
    -> 'Published' *- (no change)
  [1316/1876] https://nz.trustpilot.com/submitted/review?correlationid=e89bd509-1060-4d3e-bbc6-8d847b1d6bb9
    -> 'Published' *- (no change)
  [1317/1876] https://au.trustpilot.com/submitted/review?correlationid=9a40b3e3-f0e4-46a7-a6c3-b9ca811cc5bd
    -> 'Published' *- (no change)
  [1318/1876] https://ca.trustpilot.com/submitted/review?correlationid=c71fda01-fe89-439e-a603-6bd0292ba8a4
    -> 'Published' *- (no change)
  [1319/1876] https://de.trustpilot.com/submitted/review?correlationid=b48750f3-b37a-420a-ab2e-e5a9ba9c4aa7
    -> 'Published' *- (no change)
  [1320/1876] https://www.trustpilot.com/submitted/review?correlationid=6a915542-fc16-4942-997a-73e5b03428ad
    -> 'Published' *- (no change)
  [1321/1876] https://nz.trustpilot.com/submitted/review?correlationid=ea9fce2e-ac23-4990-9410-ed9340d5723f
    -> 'Published' *- (no change)
  [1322/1876] https://ca.trustpilot.com/submitted/review?correlationid=eba3e455-aa10-448c-bebe-2d85171e89dc
    -> 'Published' -> 'Removed' *5 (sheet: ok)
  [1323/1876] https://no.trustpilot.com/submitted/review?correlationid=06fe1cec-d954-4e6c-80dd-ae698d385060
    -> 'Published' *- (no change)
  [1324/1876] https://ca.trustpilot.com/submitted/review?correlationid=7a6d09e3-b4f2-41e0-8491-3ed10df51201
    -> 'Published' *- (no change)
  [1325/1876] https://ca.trustpilot.com/submitted/review?correlationid=9f4d4003-915f-4ce0-9430-005e216da553
    -> 'Published' *- (no change)
  [1326/1876] https://ca.trustpilot.com/submitted/review?correlationid=4091a313-a1dc-4b72-aa4a-d9cef869ad88
    -> 'Published' *- (no change)
  [1327/1876] https://dk.trustpilot.com/submitted/review?correlationid=5c5e99c3-f6c2-47ca-9284-cec5a05fb79e
    -> 'Published' *- (no change)
  [1328/1876] https://nz.trustpilot.com/submitted/review?correlationid=649b6d92-be1e-4cc1-b406-7c6a3fbd9858
    -> 'Published' *- (no change)
  [1329/1876] https://nz.trustpilot.com/submitted/review?correlationid=13c99529-cd89-4ce5-a861-d0c42d059198
    -> 'Published' *- (no change)
  [1330/1876] https://nz.trustpilot.com/submitted/review?correlationid=fedbb9f2-03dd-47ca-aca3-4b56c5bfe743
    -> 'Published' *- (no change)
  [1331/1876] https://www.trustpilot.com/submitted/review?correlationid=23c7d3ba-2e0c-4852-a4a6-c9d863f2739f
    -> 'Published' *- (no change)
  [1332/1876] https://de.trustpilot.com/submitted/review?correlationid=a6978729-b4f1-4c7b-a286-4757bc22ef47
    -> 'Published' *- (no change)
  [1333/1876] https://www.trustpilot.com/submitted/review?correlationid=e78063d0-da1d-4b3c-987c-46e72dedeff1
    -> 'Published' -> 'Removed' *5 (sheet: ok)
  [1334/1876] https://uk.trustpilot.com/submitted/review?correlationid=1933e4cc-78f3-4f8c-90ec-bbd12aca11ca
    -> 'Published' *- (no change)
  [1335/1876] https://au.trustpilot.com/submitted/review?correlationid=c72cdd7d-39d6-4607-8d99-f97ed1d401f1
    -> 'Published' *- (no change)
  [1336/1876] https://www.trustpilot.com/submitted/review?correlationid=e7e334cd-1449-4d3a-910e-9f2ac87e0af2
    -> 'Published' *- (no change)
  [1337/1876] https://uk.trustpilot.com/submitted/review?correlationid=e7cce2b3-e569-452e-a735-68d19b7096b4
    -> 'Published' *- (no change)
  [1338/1876] https://www.trustpilot.com/submitted/review?correlationid=de4832d6-8aa3-460b-82b8-61b47a0dc361
    -> 'Published' *- (no change)
  [1339/1876] https://www.trustpilot.com/users/67b5dc6b50283b95bc1724e4
    -> 'Published' *- (no change)
  [1340/1876] https://it.trustpilot.com/submitted/review?correlationid=bbb834db-4655-4393-89f8-fcce7d7f5d3e
    -> 'Published' *- (no change)
  [1341/1876] https://ca.trustpilot.com/submitted/review?correlationid=2036bb3a-0b3b-4426-8129-4cec8b8da068
    -> 'Published' -> 'Removed' *5 (sheet: ok)
  [1342/1876] https://au.trustpilot.com/submitted/review?correlationid=b2950c13-2664-4ad7-ad20-6043a60e2516
    -> 'Published' *- (no change)
  [1343/1876] https://de.trustpilot.com/submitted/review?correlationid=84a69e8f-61f4-44b0-90cc-85ecbe1897a8
    -> 'Published' *- (no change)
  [1344/1876] https://de.trustpilot.com/submitted/review?correlationid=4e31600b-9f86-4e16-bec1-b2a3ecaa44d9
    -> 'Published' *- (no change)
  [1345/1876] https://uk.trustpilot.com/submitted/review?correlationid=9461a2b5-b291-413e-8ae9-49e9d9e5218d
    -> 'Published' *- (no change)
  [1346/1876] https://au.trustpilot.com/submitted/review?correlationid=d2fe373b-bb72-45db-bede-1fc4301de961
    -> 'Published' *- (no change)
  [1347/1876] https://www.trustpilot.com/submitted/review?correlationid=142959b5-0015-4050-877e-a746b0e783b7
    -> 'Published' *- (no change)
  [1348/1876] https://ca.trustpilot.com/submitted/review?correlationid=49af5ed6-c97f-4ec5-b3df-3d51c4206096
    -> 'Published' *- (no change)
  [1349/1876] https://www.trustpilot.com/submitted/review?correlationid=d6846859-442c-448f-8711-bf92be1074f1
    -> 'Published' *- (no change)
  [1350/1876] https://de.trustpilot.com/submitted/review?correlationid=1accb4cd-df7f-4650-8d92-6645128fb6f2
    -> 'Published' *- (no change)
  [1351/1876] https://ca.trustpilot.com/submitted/review?correlationid=b5cd8252-7c6a-4369-a802-35b894429361
    -> 'Published' *- (no change)
  [1352/1876] https://www.trustpilot.com/submitted/review?correlationid=135e9169-85f8-4654-83c0-dc5ecc4c1327
    -> 'Published' *- (no change)
  [1353/1876] https://de.trustpilot.com/submitted/review?correlationid=8e4e4fe9-eac8-488b-85b3-0d5781f76600
    -> 'Published' *- (no change)
  [1354/1876] https://de.trustpilot.com/submitted/review?correlationid=9c477930-f7b9-4c04-ac0f-19be63d8170f
    -> 'Published' *- (no change)
  [1355/1876] https://no.trustpilot.com/submitted/review?correlationid=fceba7e3-5431-4cf2-be52-3e457e1ca758
    -> 'Published' *- (no change)
  [1356/1876] https://www.trustpilot.com/submitted/review?correlationid=524174c7-1be3-4a86-b75c-3e5a32a0e16e
    -> 'Published' *- (no change)
  [1357/1876] https://nz.trustpilot.com/submitted/review?correlationid=4edbc67f-ea05-438f-84b5-45dea1d2de6d
    -> 'Published' *- (no change)
  [1358/1876] https://ca.trustpilot.com/submitted/review?correlationid=082a7c5e-2139-4930-b963-dcafff68d301
    -> 'Published' *- (no change)
  [1359/1876] https://www.trustpilot.com/submitted/review?correlationid=ae30da9d-b948-4e8e-830e-2b33b6522c12
    -> 'Published' *- (no change)
  [1360/1876] https://ca.trustpilot.com/submitted/review?correlationid=e6e34329-871c-45b9-a0b4-ec29cf3b2dc6
    -> 'Published' *- (no change)
  [1361/1876] https://no.trustpilot.com/submitted/review?correlationid=40e0d8dd-8157-4651-bf79-339b0a9a752a
    -> 'Published' *- (no change)
  [1362/1876] https://ca.trustpilot.com/submitted/review?correlationid=14b0cfcf-25e6-4cc3-8d1f-eb476af9f3e0
    -> 'Published' *- (no change)
  [1363/1876] https://nz.trustpilot.com/submitted/review?correlationid=1a8fd97e-432d-4164-ba9b-94af4e5f08f6
    -> 'Published' *- (no change)
  [1364/1876] https://nz.trustpilot.com/submitted/review?correlationid=db58a981-afe2-428d-8edd-d7aa47eabff5
    -> 'Published' *- (no change)
  [1365/1876] https://www.trustpilot.com/submitted/review?correlationid=25ab037a-89af-40f1-a41b-edb57fcd0097
    -> 'Published' *- (no change)
  [1366/1876] https://no.trustpilot.com/submitted/review?correlationid=d3cc8dba-beaf-49f8-8256-3d7e9d87c74a
    -> 'Published' *- (no change)
  [1367/1876] https://uk.trustpilot.com/submitted/review?correlationid=b527058a-9d84-4179-b931-785d6bdb5c33
    -> 'Published' *- (no change)
  [1368/1876] https://uk.trustpilot.com/submitted/review?correlationid=d75a3d0b-1f6c-44dd-a512-e12605e5ddde
    -> 'Published' *- (no change)
  [1369/1876] https://de.trustpilot.com/users/67c579a71541d8cf3b64655d
    -> 'Published' *- (no change)
  [1370/1876] https://de.trustpilot.com/submitted/review?correlationid=8c5bfcf3-6daa-4066-936d-378629bdd40c
    -> 'Published' *- (no change)
  [1371/1876] https://nz.trustpilot.com/submitted/review?correlationid=f1fd821d-c7e9-402e-b8ea-bdf9caab9b06
    -> 'Published' *- (no change)
  [1372/1876] https://nz.trustpilot.com/submitted/review?correlationid=0821a790-1a55-4386-b0f6-5e73f3589a1e
    -> 'Published' *- (no change)
  [1373/1876] https://www.trustpilot.com/submitted/review?correlationid=e6c1ae5b-2379-436b-a9e8-4863af2410e5
    -> 'Published' *- (no change)
  [1374/1876] https://de.trustpilot.com/submitted/review?correlationid=800af3b1-27ac-4df2-b814-82bb51935307
    -> 'Published' *- (no change)
  [1375/1876] https://nz.trustpilot.com/submitted/review?correlationid=87b03fce-bb69-4f0c-9f20-4d912fbd49be
    -> 'Published' *- (no change)
  [1376/1876] https://ca.trustpilot.com/submitted/review?correlationid=7bccb15d-bd25-46ae-805e-eecc95fca1e2
    -> 'Published' *- (no change)
  [1377/1876] https://it.trustpilot.com/submitted/review?correlationid=3e32314e-aefc-484d-987d-3e346ac47acb
    -> 'Published' *- (no change)
  [1378/1876] https://de.trustpilot.com/submitted/review?correlationid=a28384b3-6b0b-412e-bf1f-0d54cfbf70c8
    -> 'Published' *- (no change)
  [1379/1876] https://ca.trustpilot.com/submitted/review?correlationid=de1133d0-0cac-4407-9941-e760617f962e
    -> 'Published' *- (no change)
  [1380/1876] https://uk.trustpilot.com/submitted/review?correlationid=954d2107-498f-41b9-b049-694c251d0955
    -> 'Published' *- (no change)
  [1381/1876] https://de.trustpilot.com/submitted/review?correlationid=ac06719a-e4b0-41fa-8a37-c4f831d43b1e
    -> 'Published' *- (no change)
  [1382/1876] https://no.trustpilot.com/submitted/review?correlationid=a4ee0c37-8f0a-448a-8b08-77ac31859a01
    -> 'Published' *- (no change)
  [1383/1876] https://www.trustpilot.com/submitted/review?correlationid=4f3a2637-269c-4fcd-89a7-8a872fb46800
    -> 'Published' *- (no change)
  [1384/1876] https://www.trustpilot.com/users/67b8751a3f023fc92ffcb061
    -> 'Published' *- (no change)
  [1385/1876] https://ca.trustpilot.com/submitted/review?correlationid=2c51fbd8-9764-4337-bed2-193fcc44516a
    -> 'Published' *- (no change)
  [1386/1876] https://ca.trustpilot.com/submitted/review?correlationid=101fb49c-8416-48d9-9735-3b8199336d5e
    -> 'Published' *- (no change)
  [1387/1876] https://nz.trustpilot.com/submitted/review?correlationid=6574904e-a409-4251-96bc-49d02fe750d4
    -> 'Published' *- (no change)
  [1388/1876] https://de.trustpilot.com/submitted/review?correlationid=5ab17a53-4d9e-4851-80c9-de90d76e8a21
    -> 'Published' *- (no change)
  [1389/1876] https://ca.trustpilot.com/submitted/review?correlationid=d1aedb57-6abc-4038-9232-1df2fbdb89b4
    -> 'Published' *- (no change)
  [1390/1876] https://www.trustpilot.com/submitted/review?correlationid=67b185cb-3918-4c83-bdf8-c255e08be956
    -> 'Published' *- (no change)
  [1391/1876] https://uk.trustpilot.com/submitted/review?correlationid=58d6b849-2240-4bdb-9fa8-9743e6d777b7
    -> 'Published' *- (no change)
  [1392/1876] https://ca.trustpilot.com/submitted/review?correlationid=1bfe8821-a56b-4126-9d8a-822005ad05dc
    -> 'Published' *- (no change)
  [1393/1876] https://au.trustpilot.com/submitted/review?correlationid=4fb02524-fcfa-4dec-a4c5-2823285e100f
    -> 'Published' *- (no change)
  [1394/1876] https://de.trustpilot.com/submitted/review?correlationid=2206dc2a-296a-49f6-8ff4-01436561d5f5
    -> 'Published' *- (no change)
  [1395/1876] https://au.trustpilot.com/submitted/review?correlationid=b4e8d675-7fec-462c-a603-8bfe530fa58b
    -> 'Published' *- (no change)
  [1396/1876] https://nz.trustpilot.com/submitted/review?correlationid=42c16a62-a326-47c9-8f0a-00504a17a70a
    -> 'Published' *- (no change)
  [1397/1876] https://www.trustpilot.com/users/67af5b4e6336762152ee7915
    -> 'Published' *- (no change)
  [1398/1876] https://de.trustpilot.com/submitted/review?correlationid=eb4f7197-5d67-40f6-8af7-865db68d9056
    -> 'Published' *- (no change)
  [1399/1876] https://au.trustpilot.com/submitted/review?correlationid=3c71502e-a2a2-40e8-bae1-a0b99d8ddd89
    -> 'Published' *- (no change)
  [1400/1876] https://uk.trustpilot.com/submitted/review?correlationid=f5e6f330-62d5-401f-b888-5aefd65e3340
    -> 'Published' -> 'Removed' *5 (sheet: ok)
  [1401/1876] https://www.trustpilot.com/users/67e282842ec5526c7f329e44
    -> 'Published' *- (no change)
  [1402/1876] https://se.trustpilot.com/users/67b488287aaff456900a1209
    -> 'Published' *- (no change)
  [1403/1876] https://nz.trustpilot.com/submitted/review?correlationid=4c0fa264-c1b5-48ff-921a-99b2898f07e3
    -> 'Published' *- (no change)
  [1404/1876] https://uk.trustpilot.com/submitted/review?correlationid=9fed7b25-0173-4356-b997-839c573fd210
    -> 'Published' *- (no change)
  [1405/1876] https://nz.trustpilot.com/submitted/review?correlationid=4452db46-ed70-4dfd-a60f-711f4e910a6b
    -> 'Published' *- (no change)
  [1406/1876] https://www.trustpilot.com/submitted/review?correlationid=aa6553e2-a9bc-4f9c-9843-599662da2cb9
    -> 'Published' *- (no change)
  [1407/1876] https://de.trustpilot.com/submitted/review?correlationid=758a41f0-c268-4f96-a73f-940631159fce
    -> 'Published' *- (no change)
  [1408/1876] https://nz.trustpilot.com/submitted/review?correlationid=cfed4bed-d29d-4817-9c3f-b4e4cf8fd18a
    -> 'Published' *- (no change)
  [1409/1876] https://uk.trustpilot.com/submitted/review?correlationid=25ee96eb-ce7b-4f7c-b383-ef19d0b60a2c
    -> 'Published' *- (no change)
  [1410/1876] https://de.trustpilot.com/submitted/review?correlationid=c06ac7fd-e128-4aca-9922-a11a22c36b14
    -> 'Published' *- (no change)
  [1411/1876] https://www.trustpilot.com/users/67c1a33189af2b51bdb936ae
    -> 'Published' *- (no change)
  [1412/1876] https://ca.trustpilot.com/submitted/review?correlationid=205ff4ff-fba4-46c7-ae1e-42a8acc9f62a
    -> 'Published' *- (no change)
  [1413/1876] https://at.trustpilot.com/submitted/review?correlationid=04af96b7-48dc-4387-84d2-2e8b9c49908d
    -> 'Published' *- (no change)
  [1414/1876] https://www.trustpilot.com/submitted/review?correlationid=a968991a-b587-49e2-a215-04c1d62ebe2f
    -> 'Published' *- (no change)
  [1415/1876] https://au.trustpilot.com/submitted/review?correlationid=c6eea87e-80ca-4654-b637-9413f699253e
    -> 'Published' *- (no change)
  [1416/1876] https://www.trustpilot.com/submitted/review?correlationid=cdf4755d-67f9-4239-8c30-aa71dbe63f1e
    -> 'Published' *- (no change)
  [1417/1876] https://de.trustpilot.com/submitted/review?correlationid=5070f1e9-d416-4e80-86a1-e61269d8faa3
    -> 'Published' *- (no change)
  [1418/1876] https://no.trustpilot.com/submitted/review?correlationid=a1475a64-b78f-42f0-869e-4559f0025491
    -> 'Published' *- (no change)
  [1419/1876] https://ca.trustpilot.com/submitted/review?correlationid=ff19a519-539c-4131-838f-041369bc346e
    -> 'Published' *- (no change)
  [1420/1876] https://no.trustpilot.com/submitted/review?correlationid=491924b2-f3bb-4070-9dd9-46c3cc7ec0fd
    -> 'Published' *- (no change)
  [1421/1876] https://au.trustpilot.com/submitted/review?correlationid=782b55bd-0b48-4b26-ba23-3f4274f5f390
    -> 'Published' *- (no change)
  [1422/1876] https://no.trustpilot.com/submitted/review?correlationid=bfbed4e6-dffd-4164-875b-741b1f7304a0
    -> 'Published' *- (no change)
  [1423/1876] https://www.trustpilot.com/submitted/review?correlationid=56815b77-1142-4acb-a608-594669ac57ae
    -> 'Published' *- (no change)
  [1424/1876] https://nz.trustpilot.com/submitted/review?correlationid=5da37636-fd5f-4207-ae26-41e2823684ca
    -> 'Published' *- (no change)
  [1425/1876] https://www.trustpilot.com/submitted/review?correlationid=e02b994d-e201-46f4-ae19-29ccf522e1fa
    -> 'Published' *- (no change)
  [1426/1876] https://au.trustpilot.com/submitted/review?correlationid=d20d74e2-0d95-4a2d-ad11-5fe72173b793
    -> 'Published' *- (no change)
  [1427/1876] https://www.trustpilot.com/submitted/review?correlationid=32211f24-dfc0-4e3a-8445-097f22b56f58
    -> 'Published' *- (no change)
  [1428/1876] https://www.trustpilot.com/submitted/review?correlationid=c79b2e0a-c335-44fd-96df-8141b49287f7
    -> 'Published' *- (no change)
  [1429/1876] https://no.trustpilot.com/submitted/review?correlationid=e698cefe-e6b3-4e73-a7a3-42d158040443
    -> 'Published' *- (no change)
  [1430/1876] https://se.trustpilot.com/submitted/review?correlationid=63f24c0c-1421-4704-85db-8a4477b1ebf5
    -> 'Published' *- (no change)
  [1431/1876] https://www.trustpilot.com/submitted/review?correlationid=8ce049b1-b272-4fa0-adf3-d9ce7ca0fd08
    -> 'Published' *- (no change)
  [1432/1876] https://www.trustpilot.com/submitted/review?correlationid=98c493cb-49be-495f-bd09-45c90cf8dd14
    -> 'Published' *- (no change)
  [1433/1876] https://no.trustpilot.com/submitted/review?correlationid=15b92daf-197b-48a6-96ec-3ca6e4414f8c
    -> 'Published' *- (no change)
  [1434/1876] https://de.trustpilot.com/submitted/review?correlationid=5e9ed199-7c75-4d8d-a33c-a966e440ad0d
    -> 'Published' *- (no change)
  [1435/1876] https://www.trustpilot.com/submitted/review?correlationid=c52ab050-74e9-4e55-8dd8-3d955b4cec54
    -> 'Published' *- (no change)
  [1436/1876] https://au.trustpilot.com/submitted/review?correlationid=1aa18149-6b72-4a95-9810-811699387e4b
    -> 'Published' -> 'Removed' *5 (sheet: ok)
  [1437/1876] https://no.trustpilot.com/submitted/review?correlationid=cea11661-c7fe-4c30-80f9-7cbf7c85b850
    -> 'Published' *- (no change)
  [1438/1876] https://nz.trustpilot.com/submitted/review?correlationid=259fbfac-ad0e-4fd0-b592-b2370d951149
    -> 'Published' *- (no change)
  [1439/1876] https://uk.trustpilot.com/submitted/review?correlationid=31d2e589-4f5b-4f55-96d5-0b3bff887eb6
    -> 'Published' *- (no change)
  [1440/1876] https://no.trustpilot.com/submitted/review?correlationid=502b3468-6cf6-4c2e-ab59-1522f1a9045b
    -> 'Published' *- (no change)
  [1441/1876] https://at.trustpilot.com/submitted/review?correlationid=0159c2c4-76da-4406-bc9b-9b3a77ec9d06
    -> 'Published' *- (no change)
  [1442/1876] https://www.trustpilot.com/submitted/review?correlationid=91085292-6652-4bf0-a111-3c7cf330ceba
    -> 'Published' *- (no change)
  [1443/1876] https://au.trustpilot.com/submitted/review?correlationid=1891801f-48f9-47ed-85b6-4fc4f9439eb1
    -> 'Published' *- (no change)
  [1444/1876] https://nl.trustpilot.com/submitted/review?correlationid=ca3efe7f-dfe3-4524-8d21-8357f505bffa
    -> 'Published' *- (no change)
  [1445/1876] https://ie.trustpilot.com/submitted/review?correlationid=aaa84002-67e2-4ed9-880e-32a41d6605de
    -> 'Published' *- (no change)
  [1446/1876] https://nz.trustpilot.com/submitted/review?correlationid=0bedddaf-c3ae-4c71-8015-bb16622097c7
    -> 'Published' *- (no change)
  [1447/1876] https://se.trustpilot.com/users/681e0407b83f2c092f76aaf7
    -> 'Published' *- (no change)
  [1448/1876] https://ca.trustpilot.com/submitted/review?correlationid=b2f0b030-99dd-4bea-ad4d-5cb4d42e45c5
    -> 'Published' *- (no change)
  [1449/1876] https://de.trustpilot.com/submitted/review?correlationid=6c4fea08-748d-4e28-955d-5d1f9ff29a61
    -> 'Published' *- (no change)
  [1450/1876] https://www.trustpilot.com/submitted/review?correlationid=9e2fb290-4d03-4004-8197-6b953ab8bc9d
    -> 'Published' *- (no change)
  [1451/1876] https://ca.trustpilot.com/submitted/review?correlationid=b0e243d9-132f-4bc7-b3c0-62d75bda8913
    -> 'Published' *- (no change)
  [1452/1876] https://www.trustpilot.com/submitted/review?correlationid=b05fecb0-5684-4e6f-b3c9-b83fd0654bce
    -> 'Published' *- (no change)
  [1453/1876] https://www.trustpilot.com/submitted/review?correlationid=35cbf386-6fe5-42ec-aefe-a0a92b76da43
    -> 'Published' *- (no change)
  [1454/1876] https://nz.trustpilot.com/submitted/review?correlationid=5e6dbdbf-b106-4444-86ca-879416a998dd
    -> 'Published' *- (no change)
  [1455/1876] https://de.trustpilot.com/users/6a2807a66142ad0b653e3217
    -> 'Published' *- (no change)
  [1456/1876] https://no.trustpilot.com/submitted/review?correlationid=a984b6dc-635b-4354-8e74-062e3d1cdff1
    -> 'Published' *- (no change)
  [1457/1876] https://www.trustpilot.com/users/67af542c5aa6b37b5a8aea2a
    -> 'Published' *- (no change)
  [1458/1876] https://nz.trustpilot.com/submitted/review?correlationid=f29c1523-8b3e-4a32-96e5-92c40d6aa755
    -> 'Published' *- (no change)
  [1459/1876] https://no.trustpilot.com/submitted/review?correlationid=eb15ddf1-4b70-4ec0-a603-0fb3ae507e35
    -> 'Published' *- (no change)
  [1460/1876] https://ca.trustpilot.com/submitted/review?correlationid=5244903a-8e54-4a38-8442-b44fb9aa78bc
    -> 'Published' *- (no change)
  [1461/1876] https://de.trustpilot.com/submitted/review?correlationid=bd5e03f2-eb9d-43ec-b8ae-9874cb9c6a29
    -> 'Published' *- (no change)
  [1462/1876] https://au.trustpilot.com/submitted/review?correlationid=288ab7f9-2353-45bc-939e-1c06b3a7d057
    -> 'Published' *- (no change)
  [1463/1876] https://www.trustpilot.com/submitted/review?correlationid=858f506e-6f6a-44eb-bd2d-c13e0d21e7ec
    -> 'Published' *- (no change)
  [1464/1876] https://nz.trustpilot.com/submitted/review?correlationid=8ec44a8f-e7c8-45bb-886b-af5e505235c9
    -> 'Published' -> 'Removed' *5 (sheet: ok)
  [1465/1876] https://no.trustpilot.com/submitted/review?correlationid=666afc7f-88e0-4d29-bd3f-595af2928cc9
    -> 'Published' *- (no change)
  [1466/1876] https://uk.trustpilot.com/submitted/review?correlationid=14ea45ad-0fd9-404f-8d4e-08d803e1f51c
    -> 'Published' *- (no change)
  [1467/1876] https://de.trustpilot.com/submitted/review?correlationid=344e329a-e2ec-48e8-8784-ef70b729ad09
    -> 'Published' *- (no change)
  [1468/1876] https://nz.trustpilot.com/submitted/review?correlationid=3bcd343f-65fe-4bef-b34d-b11d827d7a2e
    -> 'Published' *- (no change)
  [1469/1876] https://no.trustpilot.com/submitted/review?correlationid=fd4d0e8a-4a3a-4d58-aaab-165cea59511a
    -> 'Published' *- (no change)
  [1470/1876] https://www.trustpilot.com/submitted/review?correlationid=0faf9c53-16ed-4e45-a3f5-08603b59dca0
    -> 'Published' *- (no change)
  [1471/1876] https://www.trustpilot.com/submitted/review?correlationid=a391a2cd-259e-4260-85d9-e83fcba13aba
    -> 'Published' *- (no change)
  [1472/1876] https://nz.trustpilot.com/submitted/review?correlationid=43920c34-63bf-4493-b383-c385095ffa2a
    -> 'Published' *- (no change)
  [1473/1876] https://nz.trustpilot.com/submitted/review?correlationid=7fa752d8-2ec3-4983-8920-a48713316e3f
    -> 'Published' *- (no change)
  [1474/1876] https://uk.trustpilot.com/submitted/review?correlationid=afc2e2b8-93f9-4eff-971d-99da82cee501
    -> 'Published' *- (no change)
  [1475/1876] https://no.trustpilot.com/users/69d4ddfde932102611d5197e
    -> 'Published' *- (no change)
  [1476/1876] https://ca.trustpilot.com/submitted/review?correlationid=afb3449d-1c3d-4f38-8aa3-4f16458e7475
    -> 'Published' *- (no change)
  [1477/1876] https://de.trustpilot.com/submitted/review?correlationid=e7657895-8474-4171-b2b4-809cd0dd9b2f
    -> 'Published' *- (no change)
  [1478/1876] https://no.trustpilot.com/submitted/review?correlationid=0b3e3fd8-6e9b-4b41-9287-fb0ac049a287
    -> 'Published' *- (no change)
  [1479/1876] https://de.trustpilot.com/submitted/review?correlationid=fb74225c-8ba9-40e2-b6a0-be71e6f746bf
    -> 'Published' *- (no change)
  [1480/1876] https://uk.trustpilot.com/submitted/review?correlationid=400b9048-eec9-4397-8371-69d07231b2d2
    -> 'Published' *- (no change)
  [1481/1876] https://at.trustpilot.com/submitted/review?correlationid=821b3f5a-4e2d-46d3-9f23-d09d8e0d0b5f
    -> 'Published' *- (no change)
  [1482/1876] https://www.trustpilot.com/submitted/review?correlationid=eb8c9e46-72f0-4caf-b8fd-4cf1ab86b074
    -> 'Published' *- (no change)
  [1483/1876] https://no.trustpilot.com/submitted/review?correlationid=59643e93-1687-4e62-8d43-ab1c27f1245e
    -> 'Published' *- (no change)
  [1484/1876] https://de.trustpilot.com/submitted/review?correlationid=68296f0c-abbe-43a9-aea1-cb2015912117
    -> 'Published' *- (no change)
  [1485/1876] https://uk.trustpilot.com/submitted/review?correlationid=a75ae111-0746-4d47-86b7-a4f42c6b9a4b
    -> 'Published' *- (no change)
  [1486/1876] https://ca.trustpilot.com/submitted/review?correlationid=a94fa4cb-c85f-4d8f-b0dc-727b4b1b626c
    -> 'Published' *- (no change)
  [1487/1876] https://no.trustpilot.com/submitted/review?correlationid=3670acbf-ed4b-4934-9c01-bbdc0f628bbf
    -> 'Published' *- (no change)
  [1488/1876] https://au.trustpilot.com/submitted/review?correlationid=290f0b56-ebbc-4912-bb89-91c187aec586
    -> 'Published' *- (no change)
  [1489/1876] https://au.trustpilot.com/submitted/review?correlationid=2373ce07-2ffe-473c-84a3-4952cc689afe
    -> 'Published' *- (no change)
  [1490/1876] https://de.trustpilot.com/submitted/review?correlationid=014a33d6-8ee3-4c78-8e02-64a8d970f2e9
    -> 'Published' *- (no change)
  [1491/1876] https://ca.trustpilot.com/submitted/review?correlationid=e1d2a923-298b-4974-a11d-de718a2d15d2
    -> 'Published' *- (no change)
  [1492/1876] https://de.trustpilot.com/submitted/review?correlationid=7ce2fba6-9eaf-4762-bdd3-7209507fbaf0
    -> 'Published' *- (no change)
  [1493/1876] https://de.trustpilot.com/submitted/review?correlationid=2c108882-aed4-4a1f-afdb-a4eab2180ea0
    -> 'Published' *- (no change)
  [1494/1876] http://de.trustpilot.com/submitted/review?correlationid=8f69f661-af26-480c-a856-9492d5f09d66
    -> 'Published' *- (no change)
  [1495/1876] https://ca.trustpilot.com/submitted/review?correlationid=173dc1a4-8664-464d-b5cb-d752de6b56ea
    -> 'Published' *- (no change)
  [1496/1876] https://www.trustpilot.com/submitted/review?correlationid=f3d7b81a-27f9-42c7-97e3-d7c3cb464ccd
    -> 'Published' *- (no change)
  [1497/1876] https://nz.trustpilot.com/submitted/review?correlationid=2f42df3a-2206-4f96-b946-2cae7a023f83
    -> 'Published' *- (no change)
  [1498/1876] https://www.trustpilot.com/submitted/review?correlationid=3e0b563c-a753-4def-8b15-57e5deeabe33
    -> 'Published' *- (no change)
  [1499/1876] https://de.trustpilot.com/submitted/review?correlationid=c88b0b02-8ccf-4a2d-8813-bdb2a267af3f
    -> 'Published' *- (no change)
  [1500/1876] https://ca.trustpilot.com/submitted/review?correlationid=0ed141f5-6954-4d41-8675-9c4f244cb8a0
    -> 'Published' *- (no change)
  [1501/1876] https://se.trustpilot.com/submitted/review?correlationid=2786f1fd-c801-408e-b128-b84c6141be51
    -> 'Published' *- (no change)
  [1502/1876] https://www.trustpilot.com/submitted/review?correlationid=691e3166-10d6-4459-9bde-721de744e396
    -> 'Published' *- (no change)
  [1503/1876] https://de.trustpilot.com/submitted/review?correlationid=c42a0cb0-1d26-447c-b115-5067d3e8a30c
    -> 'Published' *- (no change)
  [1504/1876] https://uk.trustpilot.com/submitted/review?correlationid=bb14a375-c2f2-439a-bc6e-9475c2c1c757
    -> 'Published' *- (no change)
  [1505/1876] https://ca.trustpilot.com/submitted/review?correlationid=e7ba1f2c-daf9-4436-99e5-11bf9a2f3381
    -> 'Published' *- (no change)
  [1506/1876] https://uk.trustpilot.com/submitted/review?correlationid=611de2cf-e5dd-444d-8edf-e128466ce91f
    -> 'Published' *- (no change)
  [1507/1876] https://no.trustpilot.com/submitted/review?correlationid=24facfed-afa2-4e47-8d8e-dfc8f6a6f042
    -> 'Published' *- (no change)
  [1508/1876] https://de.trustpilot.com/submitted/review?correlationid=e4410765-049c-47f0-a1bb-29dee5c7bf89
    -> 'Published' *- (no change)
  [1509/1876] https://nz.trustpilot.com/submitted/review?correlationid=73e7fa49-d980-4d27-b5ee-e34ded630eeb
    -> 'Published' *- (no change)
  [1510/1876] https://www.trustpilot.com/submitted/review?correlationid=e96f1e1d-3d4a-47a5-bd32-20b8ccf615b3
    -> 'Published' *- (no change)
  [1511/1876] https://se.trustpilot.com/submitted/review?correlationid=78c7fca5-b268-4e69-ab57-fd44a8834c2b
    -> 'Published' *- (no change)
  [1512/1876] https://ca.trustpilot.com/submitted/review?correlationid=f7d83c7a-4b88-4baa-821f-ab8b44ba8c2e
    -> 'Published' *- (no change)
  [1513/1876] https://nz.trustpilot.com/submitted/review?correlationid=53856934-9736-4ae7-9af7-3ba9bd905598
    -> 'Published' *- (no change)
  [1514/1876] https://no.trustpilot.com/submitted/review?correlationid=84eb88fa-432b-49cd-8e43-db484c7afa6e
    -> 'Published' -> 'Removed' *5 (sheet: ok)
  [1515/1876] https://www.trustpilot.com/submitted/review?correlationid=2797f7eb-0d73-4d1d-bf8c-1c9dc554ab1b
    -> 'Published' *- (no change)
  [1516/1876] https://www.trustpilot.com/submitted/review?correlationid=7fd5e84a-21f6-4dd4-b6ff-1fd209a43d30
    -> 'Published' *- (no change)
  [1517/1876] https://se.trustpilot.com/submitted/review?correlationid=798238cc-11d2-4582-aa9f-d52558f3d760
    -> 'Published' *- (no change)
  [1518/1876] https://ca.trustpilot.com/submitted/review?correlationid=a2117782-8b33-4718-b106-1ec2487832a8
    -> 'Published' *- (no change)
  [1519/1876] https://de.trustpilot.com/submitted/review?correlationid=80e539c7-6573-48d3-a219-a5ac150ad7c2
    -> 'Published' *- (no change)
  [1520/1876] https://uk.trustpilot.com/submitted/review?correlationid=97e4e94c-f2fe-4d24-a646-e68d89bc1158
    -> 'Published' *- (no change)
  [1521/1876] https://www.trustpilot.com/submitted/review?correlationid=a50f5e93-8bd6-4b88-b8f4-e04a011f568a
    -> 'Published' *- (no change)
  [1522/1876] https://www.trustpilot.com/submitted/review?correlationid=0ea00e2d-8701-4f62-8d4e-76d520cf58a1
    -> 'Published' *- (no change)
  [1523/1876] https://nz.trustpilot.com/submitted/review?correlationid=9fa987ce-b37c-41ba-9b44-d9079fbc07cf
    -> 'Published' *- (no change)
  [1524/1876] https://au.trustpilot.com/submitted/review?correlationid=77ab15f6-c102-453c-b524-022348b71c27
    -> 'Published' *- (no change)
  [1525/1876] https://no.trustpilot.com/submitted/review?correlationid=f938a222-264b-4e03-b189-e4c975626e42
    -> 'Published' *- (no change)
  [1526/1876] https://uk.trustpilot.com/submitted/review?correlationid=be1b75b1-5a65-403f-a2d7-0ad1cc278846
    -> 'Published' *- (no change)
  [1527/1876] https://it.trustpilot.com/submitted/review?correlationid=8d040307-2f78-4e16-ade2-3dc83a233339
    -> 'Published' -> 'Removed' *5 (sheet: ok)
  [1528/1876] https://nz.trustpilot.com/submitted/review?correlationid=83ded539-53c0-4077-88c0-83576f596a11
    -> 'Published' *- (no change)
  [1529/1876] https://ca.trustpilot.com/submitted/review?correlationid=ca5b1c88-452b-45a4-84e8-27a8da4d9d24
    -> 'Published' *- (no change)
  [1530/1876] https://no.trustpilot.com/submitted/review?correlationid=f6025a9f-e57d-4e91-8ff7-7bb9cdd10009
    -> 'Published' *- (no change)
  [1531/1876] https://nz.trustpilot.com/submitted/review?correlationid=76f2e90b-f4de-4edd-a51e-b6e0ba52dc60
    -> 'Published' *- (no change)
  [1532/1876] https://no.trustpilot.com/submitted/review?correlationid=aa419448-2db0-4e80-a80d-a131bb6de416
    -> 'Published' *- (no change)
  [1533/1876] https://de.trustpilot.com/submitted/review?correlationid=30297bf3-412d-4932-b3e5-50f52a353a2d
    -> 'Published' *- (no change)
  [1534/1876] https://ca.trustpilot.com/submitted/review?correlationid=d1cc1115-ede3-40cc-8d14-241aaa2373c0
    -> 'Published' *- (no change)
  [1535/1876] https://de.trustpilot.com/submitted/review?correlationid=75b33cdb-d6cd-4071-a63f-c81d3daa7145
    -> 'Published' *- (no change)
  [1536/1876] https://de.trustpilot.com/submitted/review?correlationid=01a6494e-5fcb-478f-b4bd-3c62ee718e65
    -> 'Published' *- (no change)
  [1537/1876] https://de.trustpilot.com/submitted/review?correlationid=cd76ea17-e16d-4a8b-bd56-cd56cdf75af6
    -> 'Published' *- (no change)
  [1538/1876] https://uk.trustpilot.com/submitted/review?correlationid=cff010f4-bc84-4ecc-9545-5569cde5c285
    -> 'Published' *- (no change)
  [1539/1876] https://www.trustpilot.com/submitted/review?correlationid=be16cd63-4895-478c-bb3d-a73c66ec3296
    -> 'Published' *- (no change)
  [1540/1876] https://de.trustpilot.com/users/67c6d2a61541d86d9465f574
    -> 'Published' *- (no change)
  [1541/1876] https://nz.trustpilot.com/submitted/review?correlationid=c2117280-1fa0-4065-b7f9-63f82debbfd9
    -> 'Published' *- (no change)
  [1542/1876] https://de.trustpilot.com/submitted/review?correlationid=568930af-f538-46ee-88bc-216220d8cbe6
    -> 'Published' *- (no change)
  [1543/1876] https://no.trustpilot.com/submitted/review?correlationid=50a775af-cd75-4cf1-9dd8-4b8b7bcfcebc
    -> 'Published' *- (no change)
  [1544/1876] https://www.trustpilot.com/users/67b5b1e750283b839616d909
    -> 'Published' *- (no change)
  [1545/1876] https://de.trustpilot.com/submitted/review?correlationid=e53c90d1-402d-48fa-9b50-ceba596203f7
    -> 'Published' *- (no change)
  [1546/1876] https://de.trustpilot.com/submitted/review?correlationid=b60a7be6-3958-45b8-ae56-fa9c607b08d2
    -> 'Published' *- (no change)
  [1547/1876] https://at.trustpilot.com/submitted/review?correlationid=76ad4092-b3cb-42b9-b74b-b3f6c2fdb2a9
    -> 'Published' *- (no change)
  [1548/1876] https://no.trustpilot.com/submitted/review?correlationid=51f58b07-9c69-40e0-9003-9916bfa78047
    -> 'Published' *- (no change)
  [1549/1876] https://dk.trustpilot.com/submitted/review?correlationid=2af57d0c-bc83-4df1-b60f-75655fd33a12
    -> 'Published' *- (no change)
  [1550/1876] https://www.trustpilot.com/submitted/review?correlationid=e5697169-7abf-41a6-a3e1-dbf1c99fc74f
    -> 'Published' *- (no change)
  [1551/1876] https://ca.trustpilot.com/submitted/review?correlationid=93d101cf-50aa-4fe7-b41a-5ec70a6003e7
    -> 'Published' *- (no change)
  [1552/1876] https://au.trustpilot.com/submitted/review?correlationid=0c933744-a130-447b-9abb-697f86087c4d
    -> 'Published' *- (no change)
  [1553/1876] https://ca.trustpilot.com/submitted/review?correlationid=db52534f-407d-4829-b378-74225181397b
    -> 'Published' *- (no change)
  [1554/1876] https://ca.trustpilot.com/users/67b5ad771e09b4432a18d62c
    -> 'Published' *- (no change)
  [1555/1876] https://au.trustpilot.com/submitted/review?correlationid=39b0104f-e7cf-4988-ab63-3d5a95d57e87
    -> 'Published' *- (no change)
  [1556/1876] https://ca.trustpilot.com/submitted/review?correlationid=6b050dd8-e94c-4fd1-8455-5136353d1495
    -> 'Published' *- (no change)
  [1557/1876] https://de.trustpilot.com/submitted/review?correlationid=3e8dae26-07d7-4f2c-a0de-8d072504b4ea
    -> 'Published' *- (no change)
  [1558/1876] https://dk.trustpilot.com/submitted/review?correlationid=c5317d01-535e-4a52-8e60-ae81d31bc515
    -> 'Published' *- (no change)
  [1559/1876] https://dk.trustpilot.com/submitted/review?correlationid=be51312f-4eeb-44cd-b93e-0d50dee6df31
    -> 'Published' *- (no change)
  [1560/1876] https://www.trustpilot.com/submitted/review?correlationid=bd6088cc-29eb-4bc9-9f52-3336d4a00f3f
    -> 'Published' *- (no change)
  [1561/1876] https://www.trustpilot.com/submitted/review?correlationid=43aa5465-1fc3-440e-b3f4-c373de3d39f0
    -> 'Published' *- (no change)
  [1562/1876] https://dk.trustpilot.com/users/6863ab1e2f247805883379fe
    -> 'Published' *- (no change)
  [1563/1876] https://se.trustpilot.com/users/67bee89550283b3080207111
    -> 'Published' *- (no change)
  [1564/1876] https://no.trustpilot.com/submitted/review?correlationid=e564a0f6-b9fc-4eca-98b2-4ffa1889a79b
    -> 'Published' *- (no change)
  [1565/1876] https://uk.trustpilot.com/submitted/review?correlationid=f95dcdd1-46ba-4191-8cad-042dca71305c
    -> 'Published' *- (no change)
  [1566/1876] https://de.trustpilot.com/submitted/review?correlationid=67c1c2b2-cb84-48c5-9813-1e8d3c8d435f
    -> 'Published' *- (no change)
  [1567/1876] https://au.trustpilot.com/submitted/review?correlationid=9b26fda2-e7c5-4f5f-90b0-ef4d9c1f0663
    -> 'Published' *- (no change)
  [1568/1876] https://de.trustpilot.com/submitted/review?correlationid=50988a82-5fcf-42d3-9a8d-41710da67aac
    -> 'Published' *- (no change)
  [1569/1876] https://uk.trustpilot.com/submitted/review?correlationid=8ff1aebe-442c-4605-9694-57d4a8bfeed9
    -> 'Published' *- (no change)
  [1570/1876] https://nz.trustpilot.com/submitted/review?correlationid=37105146-e27c-4958-8213-28be2f784b50
    -> 'Published' *- (no change)
  [1571/1876] https://no.trustpilot.com/submitted/review?correlationid=3405be60-f7bc-4089-83f4-b1af19311d03
    -> 'Published' *- (no change)
  [1572/1876] https://se.trustpilot.com/submitted/review?correlationid=4cbacc4c-79ed-4b3f-9169-b923d65fdd30
    -> 'Published' *- (no change)
  [1573/1876] https://www.trustpilot.com/submitted/review?correlationid=d1f35fea-b0c0-4662-b8d0-9a6a56f88c7e
    -> 'Published' *- (no change)
  [1574/1876] https://nz.trustpilot.com/submitted/review?correlationid=45dfdd31-6892-44a0-baaf-c66217c93e1d
    -> 'Published' *- (no change)
  [1575/1876] https://www.trustpilot.com/submitted/review?correlationid=ed1ec728-f69c-4f5b-b51d-d2c21d733a6f
    -> 'Published' *- (no change)
  [1576/1876] https://nz.trustpilot.com/submitted/review?correlationid=beecd67c-e3b4-4478-bcae-32560198b50a
    -> 'Published' *- (no change)
  [1577/1876] https://at.trustpilot.com/submitted/review?correlationid=200a1ce2-75b6-4aba-9cfb-5d38c5677ba4
    -> 'Published' *- (no change)
  [1578/1876] https://uk.trustpilot.com/submitted/review?correlationid=6817f2c1-aa73-4002-9de2-61df20f0ecd4
    -> 'Published' *- (no change)
  [1579/1876] https://nz.trustpilot.com/submitted/review?correlationid=977fef91-f57b-45a3-bd25-431d4de83eae
    -> 'Published' *- (no change)
  [1580/1876] https://ca.trustpilot.com/submitted/review?correlationid=7a6d09e3-b4f2-41e0-8491-3ed10df51201
    -> 'Published' *- (no change)
  [1581/1876] https://no.trustpilot.com/submitted/review?correlationid=40f3ee26-26ba-4b64-be40-80f67827d309
    -> 'Published' *- (no change)
  [1582/1876] https://www.trustpilot.com/submitted/review?correlationid=ce0cf1fd-272a-4327-bc17-ba0de1925852
    -> 'Published' *- (no change)
  [1583/1876] https://ca.trustpilot.com/submitted/review?correlationid=4c9e078d-8ecc-4fcb-b466-71552881741b
    -> 'Published' *- (no change)
  [1584/1876] https://ca.trustpilot.com/submitted/review?correlationid=587f02b2-d939-41d6-95d7-05c944aaf494
    -> 'Published' *- (no change)
  [1585/1876] https://uk.trustpilot.com/submitted/review?correlationid=f3ddb29c-93ae-448f-923c-f549e1bf01db
    -> 'Published' *- (no change)
  [1586/1876] https://de.trustpilot.com/submitted/review?correlationid=b9d37018-26cc-4e75-be60-92117738f073
    -> 'Published' *- (no change)
  [1587/1876] https://www.trustpilot.com/submitted/review?correlationid=a34a206b-9760-4fd9-8eef-4e834739aced
    -> 'Published' *- (no change)
  [1588/1876] https://au.trustpilot.com/submitted/review?correlationid=f5537dd1-b677-4250-a784-e7761f2ee266
    -> 'Published' *- (no change)
  [1589/1876] https://www.trustpilot.com/submitted/review?correlationid=2013fddc-c6ae-40b3-abae-ae43dfc679e2
    -> 'Published' *- (no change)
  [1590/1876] https://de.trustpilot.com/submitted/review?correlationid=e691e27c-4abf-4210-b951-d3fa516614be
    -> 'Published' *- (no change)
  [1591/1876] https://www.trustpilot.com/submitted/review?correlationid=848b4cf5-b312-4b23-85d8-d7b1b2acceba
    -> 'Published' -> 'Removed' *4 (sheet: ok)
  [1592/1876] https://nz.trustpilot.com/submitted/review?correlationid=386ff977-938c-43a2-b6ee-49bfac3e292f
    -> 'Published' *- (no change)
  [1593/1876] https://au.trustpilot.com/submitted/review?correlationid=e0413231-76e9-4c1c-8f05-5959c6da9b91
    -> 'Published' *- (no change)
  [1594/1876] https://de.trustpilot.com/submitted/review?correlationid=5def6cb4-23bf-45ee-b080-b690b5703deb
    -> 'Published' *- (no change)
  [1595/1876] https://au.trustpilot.com/submitted/review?correlationid=9c1f6408-c4c7-4b01-8325-d65d13deccd3
    -> 'Published' *- (no change)
  [1596/1876] https://no.trustpilot.com/submitted/review?correlationid=cf66cbb7-6482-4403-9072-97a149ed4ad7
    -> 'Published' *- (no change)
  [1597/1876] https://uk.trustpilot.com/submitted/review?correlationid=109be36a-3c98-404a-ad92-bbe77bb8f6e7
    -> 'Published' *- (no change)
  [1598/1876] https://www.trustpilot.com/submitted/review?correlationid=708631b5-a415-4834-af78-e8c68f49d8e2
    -> 'Published' *- (no change)
  [1599/1876] https://de.trustpilot.com/submitted/review?correlationid=3423015c-014e-4979-bf04-a3d93cb9ee25
    -> 'Published' *- (no change)
  [1600/1876] https://nz.trustpilot.com/submitted/review?correlationid=c5f94e0e-4157-4aa0-b021-b1affeb8ee58
    -> 'Published' *- (no change)
  [1601/1876] https://nz.trustpilot.com/submitted/review?correlationid=007cf649-5eba-4dbe-94a8-b02d61d734c7
    -> 'Published' *- (no change)
  [1602/1876] https://ca.trustpilot.com/submitted/review?correlationid=a34b3aac-76bd-48cc-ad83-30b931cb44aa
    -> 'Published' *- (no change)
  [1603/1876] https://www.trustpilot.com/submitted/review?correlationid=5212806f-a75a-4872-8a42-29666fa66be0
    -> 'Published' *- (no change)
  [1604/1876] https://ca.trustpilot.com/submitted/review?correlationid=57cfb45f-f38c-4416-8d7d-728ba5887eea
    -> 'Published' *- (no change)
  [1605/1876] https://www.trustpilot.com/submitted/review?correlationid=1c3a501a-82f0-43c4-97db-57ac11231310
    -> 'Published' *- (no change)
  [1606/1876] https://de.trustpilot.com/submitted/review?correlationid=21e8dbdd-3d70-438a-b476-32eb3f3d6fb2
    -> 'Published' *- (no change)
  [1607/1876] https://uk.trustpilot.com/submitted/review?correlationid=2abc30fd-23b1-4d6f-a3bf-40d40e757059
    -> 'Published' *- (no change)
  [1608/1876] https://de.trustpilot.com/submitted/review?correlationid=d0c39e82-5e35-435f-93ba-8b83084abed5
    -> 'Published' *- (no change)
  [1609/1876] https://de.trustpilot.com/submitted/review?correlationid=f159d013-46a7-404b-a0d4-9ba02c28aee6
    -> 'Published' *- (no change)
  [1610/1876] https://it.trustpilot.com/submitted/review?correlationid=e81f5e50-d198-4672-8f85-ab90417c1e85
    -> 'Published' *- (no change)
  [1611/1876] https://ca.trustpilot.com/submitted/review?correlationid=a05521b9-31f9-454e-ac00-a092fa36568a
    -> 'Published' *- (no change)
  [1612/1876] https://www.trustpilot.com/submitted/review?correlationid=0a8bcde6-5139-4d21-9c84-eb130e951341
    -> 'Published' *- (no change)
  [1613/1876] https://no.trustpilot.com/submitted/review?correlationid=3591d957-bdd6-43e2-9725-64810327ff58
    -> 'Published' *- (no change)
  [1614/1876] https://nz.trustpilot.com/submitted/review?correlationid=16c788f9-c6bc-482e-9d21-6e4df9fd3208
    -> 'Published' *- (no change)
  [1615/1876] https://ca.trustpilot.com/submitted/review?correlationid=0921c5c9-c41e-487f-ba54-8f407f8e2ca8
    -> 'Published' *- (no change)
  [1616/1876] https://nz.trustpilot.com/submitted/review?correlationid=0542faac-f200-47c5-ad02-1cf63edc9859
    -> 'Published' *- (no change)
  [1617/1876] https://de.trustpilot.com/users/67c1930d22a877ab5967335d
    -> 'Published' *- (no change)
  [1618/1876] https://au.trustpilot.com/submitted/review?correlationid=4e38a476-9d0b-4ca2-a2c0-93103bfa0218
    -> 'Published' *- (no change)
  [1619/1876] https://de.trustpilot.com/submitted/review?correlationid=a4e3e54f-c2aa-4257-966d-7991b5bdb3ed
    -> 'Published' *- (no change)
  [1620/1876] https://ca.trustpilot.com/submitted/review?correlationid=4bd35015-61ba-46fc-8263-dbd5e3ce9d7c
    -> 'Published' *- (no change)
  [1621/1876] https://ca.trustpilot.com/submitted/review?correlationid=e21ad60b-b5a8-4065-bb51-385284be8488
    -> 'Published' *- (no change)
  [1622/1876] https://it.trustpilot.com/submitted/review?correlationid=205d1ba4-e683-4eba-b91c-72db5e47e38f
    -> 'Published' *- (no change)
  [1623/1876] https://ca.trustpilot.com/submitted/review?correlationid=830d77b5-09fd-4898-b8a9-3f3b438bd5a3
    -> 'Published' *- (no change)
  [1624/1876] https://au.trustpilot.com/submitted/review?correlationid=2b56e877-cd6d-40ed-901a-9939f7da8798
    -> 'Published' *- (no change)
  [1625/1876] https://www.trustpilot.com/reviews/683d81901dfdc75212fdb5dd
    -> 'Published' *- (no change)
  [1626/1876] https://de.trustpilot.com/submitted/review?correlationid=4ca84fa8-ddfb-451c-ba55-f5c196e8f041
    -> 'Published' *- (no change)
  [1627/1876] https://www.trustpilot.com/submitted/review?correlationid=8915e8ce-bf0f-46c0-869b-06090f6ea256
    -> 'Published' *- (no change)
  [1628/1876] https://www.trustpilot.com/submitted/review?correlationid=d084e4ef-486b-4ded-84a6-82538abfa115
    -> 'Published' *- (no change)
  [1629/1876] https://de.trustpilot.com/submitted/review?correlationid=4d91cb5d-246b-4ce4-ae8f-2f244842c256
    -> 'Published' *- (no change)
  [1630/1876] https://de.trustpilot.com/submitted/review?correlationid=5df1b42d-aa18-432e-a0ef-e3803e15edd1
    -> 'Published' *- (no change)
  [1631/1876] https://au.trustpilot.com/submitted/review?correlationid=41b4415e-f9e7-4086-9f6d-31e3f4994a85
    -> 'Published' *- (no change)
  [1632/1876] https://nz.trustpilot.com/submitted/review?correlationid=07a5e802-5859-4bca-b0b1-c7d93c5f0aa1
    -> 'Published' -> 'Removed' *5 (sheet: ok)
  [1633/1876] https://www.trustpilot.com/submitted/review?correlationid=637ebfd9-6a05-41d0-996b-ba260562fd86
    -> 'Published' *- (no change)
  [1634/1876] https://no.trustpilot.com/submitted/review?correlationid=74a4eb85-9846-4d62-a8e6-c15e3bb1bd88
    -> 'Published' *- (no change)
  [1635/1876] https://no.trustpilot.com/submitted/review?correlationid=3e624fe2-4c7a-49cb-92aa-b2e0d59fa3b6
    -> 'Published' *- (no change)
  [1636/1876] https://ca.trustpilot.com/users/67bf1277e3269c83dc8ea79a
    -> 'Published' *- (no change)
  [1637/1876] https://au.trustpilot.com/submitted/review?correlationid=3d0656d1-f243-4b1e-929b-8876387daa7a
    -> 'Published' *- (no change)
  [1638/1876] https://www.trustpilot.com/submitted/review?correlationid=43eefcd5-fd87-4531-8808-033d4b78cea2
    -> 'Published' *- (no change)
  [1639/1876] https://au.trustpilot.com/submitted/review?correlationid=061c3409-16ec-423c-886b-894f2905c20d
    -> 'Published' *- (no change)
  [1640/1876] https://www.trustpilot.com/submitted/review?correlationid=cea2be40-c845-4117-88ce-1aadacb9ed01
    -> 'Published' *- (no change)
  [1641/1876] https://de.trustpilot.com/submitted/review?correlationid=eace3203-38a6-4d16-bdf3-f404163af3d8
    -> 'Published' *- (no change)
  [1642/1876] https://de.trustpilot.com/submitted/review?correlationid=6b004cbb-8f54-4ae8-8a6b-e436bd60e883
    -> 'Published' *- (no change)
  [1643/1876] https://se.trustpilot.com/users/67af5295f67b7a93890eb9cb
    -> 'Published' *- (no change)
  [1644/1876] https://de.trustpilot.com/submitted/review?correlationid=98e991d3-28d5-4819-90c5-18a568d5af0d
    -> 'Done' -> 'Published' *5 (sheet: ok)
  [1645/1876] https://de.trustpilot.com/submitted/review?correlationid=fae38517-f4d8-4c92-9114-93c84d01ddcb
    -> 'Published' *- (no change)
  [1646/1876] https://nz.trustpilot.com/submitted/review?correlationid=0e33cb7a-e14d-4e74-9b4c-eb1fcdb84f02
    -> 'Published' *- (no change)
  [1647/1876] https://de.trustpilot.com/submitted/review?correlationid=24d33aa9-f065-4b5b-af06-743c9a492434
    -> 'Published' *- (no change)
  [1648/1876] https://no.trustpilot.com/submitted/review?correlationid=a497eb3a-0c99-4f40-9618-087bc5582e41
    -> 'Published' *- (no change)
  [1649/1876] https://nz.trustpilot.com/submitted/review?correlationid=92bcb316-236a-41d2-af49-5f2b58d9d4f2
    -> 'Published' *- (no change)
  [1650/1876] https://au.trustpilot.com/submitted/review?correlationid=e037ca3e-a89c-4adc-b891-accb4d3a586b
    -> 'Published' *- (no change)
  [1651/1876] https://no.trustpilot.com/submitted/review?correlationid=2922189c-a6b1-4d22-b596-8a06f5e84c1d
    -> 'Published' *- (no change)
  [1652/1876] https://www.trustpilot.com/submitted/review?correlationid=959df4a4-f99a-4226-a779-1d71a99f4541
    -> 'Published' *- (no change)
  [1653/1876] https://www.trustpilot.com/users/67e282842ec5526c7f329e44
    -> 'Published' *- (no change)
  [1654/1876] https://no.trustpilot.com/submitted/review?correlationid=73d1ccd9-ea5a-4fd0-b936-b9bd05d68028
    -> 'Published' *- (no change)
  [1655/1876] https://nz.trustpilot.com/submitted/review?correlationid=d9649bc7-ac55-4a6c-9626-688bc0a529e3
    -> 'Published' *- (no change)
  [1656/1876] https://uk.trustpilot.com/submitted/review?correlationid=8047f6f5-cb2a-40d7-bbcd-7d4996594fb7
    -> 'Published' *- (no change)
  [1657/1876] https://uk.trustpilot.com/submitted/review?correlationid=163b95fb-beb4-42a2-9280-c8da6556c1ce
    -> 'Published' *- (no change)
  [1658/1876] https://au.trustpilot.com/submitted/review?correlationid=fe580e4d-38ef-4afc-8fd0-8a72a95d0347
    -> 'Published' -> 'Removed' *5 (sheet: ok)
  [1659/1876] https://uk.trustpilot.com/submitted/review?correlationid=6aa6d88d-1cd5-4ec1-b7aa-7f22046b5898
    -> 'Published' *- (no change)
  [1660/1876] https://www.trustpilot.com/reviews/684018e34b5c07a22cccbdba
    -> 'Published' *- (no change)
  [1661/1876] https://ca.trustpilot.com/submitted/review?correlationid=a4128f7f-5034-4798-976f-407204404358
    -> 'Published' *- (no change)
  [1662/1876] https://www.trustpilot.com/submitted/review?correlationid=1fab2d28-0055-44f8-8289-2b6ba8ba57d0
    -> 'Published' *- (no change)
  [1663/1876] https://au.trustpilot.com/submitted/review?correlationid=27c24ab8-aefa-449f-bfac-dcf13d0d5cda
    -> 'Published' *- (no change)
  [1664/1876] https://au.trustpilot.com/submitted/review?correlationid=cfd5ab1b-0f98-46cc-9739-97de7a0bcea6
    -> 'Published' *- (no change)
  [1665/1876] https://uk.trustpilot.com/submitted/review?correlationid=2d39a6b9-86d1-4ab2-a0b6-87ca71b183f0
    -> 'Published' *- (no change)
  [1666/1876] https://uk.trustpilot.com/submitted/review?correlationid=c8b0a2b1-988c-4606-ac8a-4de2255e3ec2
    -> 'Published' *- (no change)
  [1667/1876] https://www.trustpilot.com/users/67dbd99a9d161f1d0e4155e5
    -> 'Published' *- (no change)
  [1668/1876] https://ca.trustpilot.com/submitted/review?correlationid=45e0473d-8660-4657-9ccc-0b7b11242649
    -> 'Published' *- (no change)
  [1669/1876] https://www.trustpilot.com/submitted/review?correlationid=3c879586-ba1a-4e4f-82f3-b1261fc6043b
    -> 'Published' *- (no change)
  [1670/1876] https://de.trustpilot.com/submitted/review?correlationid=e7ea8934-af1e-4977-8a6c-a3faea1ceb97
    -> 'Published' *- (no change)
  [1671/1876] https://www.trustpilot.com/submitted/review?correlationid=5981af77-55bc-4c9a-8263-7969ea6f2e55
    -> 'Published' *- (no change)
  [1672/1876] https://nz.trustpilot.com/submitted/review?correlationid=ac16d5a3-3f08-4cf4-a74c-8a6fdbd2e4c0
    -> 'Published' *- (no change)
  [1673/1876] https://ca.trustpilot.com/submitted/review?correlationid=5a87736b-8f1f-454b-ae9f-885d0c965023
    -> 'Published' *- (no change)
  [1674/1876] https://no.trustpilot.com/submitted/review?correlationid=acca49e8-011f-42b8-99c6-e5766bbc91ca
    -> 'Published' *- (no change)
  [1675/1876] https://au.trustpilot.com/submitted/review?correlationid=7286b6f2-536e-4af6-8d9c-d2942a98d6b0
    -> 'Published' *- (no change)
  [1676/1876] https://de.trustpilot.com/submitted/review?correlationid=5f0cf0b3-10dc-417e-ab05-9876053d36d6
    -> 'Published' -> 'Removed' *5 (sheet: ok)
  [1677/1876] https://ca.trustpilot.com/submitted/review?correlationid=f3b39978-9e69-4a1e-9f25-3dc41fe58488
    -> 'Published' *- (no change)